MJD,MAG,MAGERR,FLT,TELESCOPE,INSTRUMENT,ULIM
58857.3,16.195597970529445,0.4054450838677042,B,Synthetic,Synthetic,0.0
58864.6,14.838915754105397,0.3711793380038825,B,Synthetic,Synthetic,0.0
58868.6,15.163563459562017,0.3792008162260978,B,Synthetic,Synthetic,0.0
58870.5,15.558631821804912,0.3890522886767223,B,Synthetic,Synthetic,0.0
58872.4,15.677620318443374,0.3920132370146648,B,Synthetic,Synthetic,0.0
58875.0,15.75044958781618,0.3938267518034773,B,Synthetic,Synthetic,0.0
58876.7,16.63740793269726,0.4159975670649503,B,Synthetic,Synthetic,0.0
58880.3,16.63879651833003,0.4160397199700957,B,Synthetic,Synthetic,0.0
58880.4,15.889590714612464,0.3973131555298083,B,Synthetic,Synthetic,0.0
58892.0,18.130343995245138,0.4533379078108955,B,Synthetic,Synthetic,0.0
58895.0,17.509734222540875,0.4378192564446476,B,Synthetic,Synthetic,0.0
58995.6,17.3195412531656,0.451853241373523,B,Synthetic,Synthetic,0.0
58857.3,15.694247770529444,0.3945350980013479,V,Synthetic,Synthetic,0.0
58864.6,13.972500654105396,0.3498867977098761,V,Synthetic,Synthetic,0.0
58868.6,14.181495459562017,0.3548729615193458,V,Synthetic,Synthetic,0.0
58870.5,14.420899821804912,0.3608024060239,V,Synthetic,Synthetic,0.0
58872.4,14.706313318443376,0.3679081693264019,V,Synthetic,Synthetic,0.0
58875.0,15.03284458781618,0.3760642550546099,V,Synthetic,Synthetic,0.0
58876.7,15.37202093269726,0.384549810789511,V,Synthetic,Synthetic,0.0
58879.4,15.27131358110785,0.3820607582080517,V,Synthetic,Synthetic,0.0
58880.3,15.710720518330028,0.3930470689297724,V,Synthetic,Synthetic,0.0
58880.4,15.498018714612463,0.3877343219830952,V,Synthetic,Synthetic,0.0
58892.0,16.71943999524514,0.4183033531439994,V,Synthetic,Synthetic,0.0
58895.0,16.518939222540872,0.4133083825890717,V,Synthetic,Synthetic,0.0
58995.6,16.722299253165602,0.8526139865200972,V,Synthetic,Synthetic,0.0
58857.3,16.009092970529444,0.4002312305005045,g,Synthetic,Synthetic,0.0
58864.6,14.572893754105396,0.3643272337684576,g,Synthetic,Synthetic,0.0
58868.6,14.850270459562015,0.3712617667209942,g,Synthetic,Synthetic,0.0
58870.5,15.173611821804911,0.3793452622101357,g,Synthetic,Synthetic,0.0
58872.4,15.328164318443374,0.3832090741129513,g,Synthetic,Synthetic,0.0
58875.0,15.50110258781618,0.3875325139348824,g,Synthetic,Synthetic,0.0
58876.7,16.131917932697263,0.4033027110337772,g,Synthetic,Synthetic,0.0
58879.4,15.44824908110785,0.3862111830311526,g,Synthetic,Synthetic,0.0
58880.3,16.340588518330026,0.4085193853054314,g,Synthetic,Synthetic,0.0
58880.4,15.729157714612466,0.3932337950878793,g,Synthetic,Synthetic,0.0
58892.0,17.536503995245138,0.438416477490367,g,Synthetic,Synthetic,0.0
58895.0,17.168158222540875,0.4292076943892629,g,Synthetic,Synthetic,0.0
58995.6,17.0816452531656,0.4271285176584185,g,Synthetic,Synthetic,0.0
58857.3,15.722981970529446,0.0079876876581284,r,Synthetic,Synthetic,0.0
58864.6,13.873169754105396,0.0090856928759811,r,Synthetic,Synthetic,0.0
58868.6,13.982023459562017,0.0076088674908125,r,Synthetic,Synthetic,0.0
58870.5,14.146191821804912,0.0071922579255002,r,Synthetic,Synthetic,0.0
58872.4,14.347720318443374,0.0072405253226292,r,Synthetic,Synthetic,0.0
58875.0,14.66881958781618,0.0075592291809811,r,Synthetic,Synthetic,0.0
58876.7,14.89613793269726,0.0080234897481391,r,Synthetic,Synthetic,0.0
58879.4,15.24647608110785,0.0086401678211851,r,Synthetic,Synthetic,0.0
58880.3,15.351676518330027,0.0085561314612923,r,Synthetic,Synthetic,0.0
58880.4,15.362859714612464,0.0085371548957775,r,Synthetic,Synthetic,0.0
58892.0,16.15631399524514,0.0143273027542555,r,Synthetic,Synthetic,0.0
58895.0,16.284344222540874,0.0113926427904795,r,Synthetic,Synthetic,0.0
58995.6,16.5436662531656,0.0399035375388624,r,Synthetic,Synthetic,0.0
58857.3,15.793468970529446,0.3949728749068472,i,Synthetic,Synthetic,0.0
58864.6,14.031082754105396,0.3509277325219772,i,Synthetic,Synthetic,0.0
58868.6,14.075679959562017,0.3520158542452584,i,Synthetic,Synthetic,0.0
58870.5,14.144530521804912,0.3537227503135505,i,Synthetic,Synthetic,0.0
58872.4,14.032727318443374,0.3509276111271728,i,Synthetic,Synthetic,0.0
58875.0,14.49206158781618,0.3624123388343981,i,Synthetic,Synthetic,0.0
58876.7,14.275093932697262,0.3570004627100023,i,Synthetic,Synthetic,0.0
58879.4,15.20816508110785,0.3803454823370493,i,Synthetic,Synthetic,0.0
58880.3,15.229342518330029,0.3808760117293056,i,Synthetic,Synthetic,0.0
58880.4,15.373367314612466,0.3844750666245342,i,Synthetic,Synthetic,0.0
58892.0,15.48736699524514,0.3876558623565641,i,Synthetic,Synthetic,0.0
58895.0,16.161254222540872,0.404315260003258,i,Synthetic,Synthetic,0.0
58995.6,16.4725517531656,0.5145475193220824,i,Synthetic,Synthetic,0.0
58857.3,15.742930970529446,0.4028146828791658,z,Synthetic,Synthetic,0.0
58864.6,14.009779754105397,0.3504278101872683,z,Synthetic,Synthetic,0.0
58868.6,14.014947159562016,0.3505586034704588,z,Synthetic,Synthetic,0.0
58870.5,14.003961821804912,0.3502461462425956,z,Synthetic,Synthetic,0.0
58880.4,14.926648714612464,0.3733478460065271,z,Synthetic,Synthetic,0.0
58906.27664,16.730494141827556,0.014,i,Swope,,0.0
58910.24767000001,17.14805982087199,0.013,g,Swope,,0.0
58895.28589,16.247953079378856,0.014,i,Swope,,0.0
58910.25847000003,16.855081371752686,0.011,V,Swope,,0.0
58872.3515,14.388135232080067,0.002,r,Swope,,0.0
58883.37303000001,15.7283945370561,0.005,r,Swope,,0.0
58896.28917999999,16.303280119455536,0.01,r,Swope,,0.0
58905.28259000001,16.556495850943197,0.006,r,Swope,,0.0
58882.32175000001,18.626433574697344,0.041,u,Swope,,0.0
58904.32738,19.24015390656104,0.066,u,Swope,,0.0
58911.20412999999,19.18915662264564,0.089,u,Swope,,0.0
58885.35286,15.758670985612474,0.006,r,Swope,,0.0
58884.36852,15.646438659943785,0.0069999999999999,r,Swope,,0.0
58885.35471000001,15.772636437508064,0.011,i,Swope,,0.0
58870.31992,15.415019282010936,0.0069999999999999,B,Swope,,0.0
58869.34904999999,14.65371551684156,0.004,g,Swope,,0.0
58903.28684999999,17.426973919126578,0.016,B,Swope,,0.0
58894.3075,16.3137628987624,0.006,r,Swope,,0.0
58869.35182,14.199171458562509,0.003,V,Swope,,0.0
58905.30180999999,16.806077233554927,0.006,V,Swope,,0.0
58905.28652,16.65034035327092,0.015,i,Swope,,0.0
58893.28932,16.20798664155253,0.01,i,Swope,,0.0
58870.31492,14.014625307756464,0.004,r,Swope,,0.0
58896.30244,16.482499337564796,0.014,V,Swope,,0.0
58882.31522999997,15.657618717526148,0.0069999999999999,r,Swope,,0.0
58903.2847,16.667567014844348,0.013,V,Swope,,0.0
58912.27400000001,19.432731264789105,0.111,u,Swope,,0.0
58869.35282000001,15.260726623363256,0.005,B,Swope,,0.0
58910.24226,16.721532283676346,0.011,r,Swope,,0.0
58872.358620000006,14.698345136806171,0.002,V,Swope,,0.0
58903.27424999999,16.98446556195226,0.013,g,Swope,,0.0
58907.36082,16.62538888163994,0.012,i,Swope,,0.0
58894.32052999999,16.570757756100498,0.009,V,Swope,,0.0
58874.3739,14.60689150758381,0.004,r,Swope,,0.0
58906.27954,17.03963414330292,0.01,g,Swope,,0.0
58908.30726,17.046131097992337,0.015,g,Swope,,0.0
58909.37156,17.648505194484798,0.011,B,Swope,,0.0
58882.31679000001,15.635627398649213,0.005,r,Swope,,0.0
58872.35262000001,14.51963553566234,0.004,i,Swope,,0.0
58910.25044999999,19.223635334530808,0.092,u,Swope,,0.0
58908.30547000003,17.07018642476615,0.014,g,Swope,,0.0
58908.29822999997,16.738641013136785,0.008,r,Swope,,0.0
58911.20107999999,17.149784569680392,0.014,g,Swope,,0.0
58904.32487999999,16.99608015786587,0.01,g,Swope,,0.0
58911.21199000001,16.861738270324935,0.01,V,Swope,,0.0
58904.33528999999,16.80447827794631,0.01,V,Swope,,0.0
58896.29452999997,19.010536974901303,0.11,u,Swope,,0.0
58876.36138,14.820986698569223,0.005,r,Swope,,0.0
58869.34554,14.0790513487104,0.005,r,Swope,,0.0
58875.37484999999,14.662348270049035,0.004,r,Swope,,0.0
58871.35000999999,14.121382495750687,0.003,r,Swope,,0.0
58895.28748999999,16.844366923796436,0.009,g,Swope,,0.0
58908.32532,17.581479962833377,0.011,B,Swope,,0.0
58870.31588,14.213836225196244,0.006,i,Swope,,0.0
58893.28775000001,16.30596567117911,0.006,r,Swope,,0.0
58905.29418,19.288483465959164,0.068,u,Swope,,0.0
58911.21479000001,17.654564955593273,0.016,B,Swope,,0.0
58876.37175000001,16.469570120806857,0.005,B,Swope,,0.0
58909.35927000003,17.13843892417616,0.01,g,Swope,,0.0
58895.23958,16.884347859354374,0.255,r,Swope,,0.0
58872.35487000001,16.748467683836616,0.0,u,Swope,,0.0
58903.27644,19.18362441231222,0.095,u,Swope,,0.0
58912.26859000001,16.764628031698752,0.019,i,Swope,,0.0
58893.30286,17.4338046490238,0.011,B,Swope,,0.0
58906.29516,17.59927061707873,0.008,B,Swope,,0.0
58903.26840999999,16.572757043082806,0.023,r,Swope,,0.0
58906.29036999999,16.8323272582251,0.006,V,Swope,,0.0
58906.29432000001,17.612660564293357,0.017,B,Swope,,0.0
58907.36594,19.017493667284995,0.074,u,Swope,,0.0
58876.36301,14.863084430678894,0.006,i,Swope,,0.0
58904.32081000003,16.52175139861533,0.01,r,Swope,,0.0
58908.31992999999,16.788175922449867,0.01,V,Swope,,0.0
58895.29795000001,16.51367829783936,0.01,V,Swope,,0.0
58912.28180999999,16.983698125413188,0.011,V,Swope,,0.0
58871.35908999999,15.667306194175966,0.006,B,Swope,,0.0
58912.27131000001,17.15689440918094,0.014,g,Swope,,0.0
58910.26117000003,17.562459962999945,0.016,B,Swope,,0.0
58912.28456999999,17.669016895733492,0.016,B,Swope,,0.0
58871.35719000001,14.524681641718551,0.003,V,Swope,,0.0
58904.31957000003,16.649188061300432,0.021,r,Swope,,0.0
58908.29688,16.783317863522488,0.012,r,Swope,,0.0
58884.37588999999,17.07370775669093,0.008,B,Swope,,0.0
58908.31859000001,16.808510823884934,0.015,V,Swope,,0.0
58876.37044999999,15.316344354103329,0.004,V,Swope,,0.0
58884.37432,16.027935423331286,0.008,V,Swope,,0.0
58885.36832999999,17.15396701156975,0.009,B,Swope,,0.0
58905.29019000001,17.030727333664167,0.009,g,Swope,,0.0
58909.36148999999,19.23148879503404,0.066,u,Swope,,0.0
58882.31831000001,15.620937314737144,0.008,i,Swope,,0.0
58908.31056000001,19.282349100593105,0.1,u,Swope,,0.0
58908.32294,17.558747207784116,0.017,B,Swope,,0.0
58893.29096000001,16.81105042568516,0.01,g,Swope,,0.0
58883.37536999999,16.474851725465122,0.0069999999999999,g,Swope,,0.0
58897.30924,16.479192084418358,0.014,r,Swope,,0.0
58903.26971000001,16.48746773038844,0.01,r,Swope,,0.0
58906.28275000001,19.405870371089208,0.077,u,Swope,,0.0
58907.35806000001,16.67236396370803,0.008,r,Swope,,0.0
58903.27202999997,16.48728672672834,0.018,i,Swope,,0.0
58883.3742,15.721728666086168,0.009,i,Swope,,0.0
58885.36622999997,16.12831110947164,0.009,V,Swope,,0.0
58882.31979000001,16.396392278549392,0.0069999999999999,g,Swope,,0.0
58885.35638,16.559003946494666,0.011,g,Swope,,0.0
58895.28439000001,16.240063757904416,0.009,r,Swope,,0.0
58906.27355000001,16.568189044936926,0.006,r,Swope,,0.0
58869.34682000001,13.9530233798902,0.003,r,Swope,,0.0
58875.37718,15.659310769030805,0.008,g,Swope,,0.0
58894.309,16.32071578397757,0.01,i,Swope,,0.0
58870.31922000001,14.296333404338762,0.005,V,Swope,,0.0
58893.29360999999,17.172733521345865,0.0,u,Swope,,0.0
58871.35378,14.994658651631966,0.003,g,Swope,,0.0
58875.38076,15.089198371386605,0.006,V,Swope,,0.0
58875.38179000001,16.356524440612947,0.014,B,Swope,,0.0
58872.35992,15.83076710296885,0.004,B,Swope,,0.0
58876.36475000001,15.7786475678642,0.0069999999999999,g,Swope,,0.0
58905.30594,17.56411830218294,0.008,B,Swope,,0.0
58876.36632000001,18.100894267050705,0.031,u,Swope,,0.0
58909.36900000001,16.90713111476415,0.009,V,Swope,,0.0
58909.35704,16.835158846192314,0.016,i,Swope,,0.0
58904.33742,17.579642927296867,0.014,B,Swope,,0.0
58907.37604,17.554355320442408,0.016,B,Swope,,0.0
58907.36338,17.057406691808062,0.011,g,Swope,,0.0
58907.37340999999,16.789142770028292,0.01,V,Swope,,0.0
58882.33179000001,17.03549859174598,0.006,B,Swope,,0.0
58884.37103000001,16.488827196744687,0.009,g,Swope,,0.0
58908.30123000001,16.780627022607664,0.018,i,Swope,,0.0
58904.32282,16.539784856516626,0.019,i,Swope,,0.0
58911.19852000001,16.746027855617626,0.02,i,Swope,,0.0
58882.33001000003,15.964680670673095,0.005,V,Swope,,0.0
58885.35848,18.754025590537346,0.069,u,Swope,,0.0
58911.19578,16.740117080821506,0.008,r,Swope,,0.0
58894.31054,16.820771283434702,0.009,g,Swope,,0.0
58883.38041000003,17.086226274122545,0.008,B,Swope,,0.0
58883.37883000001,16.074790812052342,0.006,V,Swope,,0.0
58875.37604,14.70159992201199,0.005,i,Swope,,0.0
58872.35361000003,15.210488370398156,0.004,g,Swope,,0.0
58895.28938,19.182007106331177,0.085,u,Swope,,0.0
58871.35235000001,14.269532222789628,0.005,i,Swope,,0.0
58896.29248999999,16.861346345649544,0.021,g,Swope,,0.0
58908.30252999997,16.789031934309453,0.015,i,Swope,,0.0
58909.35484,16.698882360284713,0.008,r,Swope,,0.0
58893.3013,16.522624561931668,0.009,V,Swope,,0.0
58905.28134,16.67005270860553,0.013,r,Swope,,0.0
58865.531,14.239,0.108,orange,ATLAS,HKO,0.0
58873.248,14.58,0.2,G,Gaia,Gaia-Photometric,0.0
58866.56400000001,14.001,0.005,i,Pan-STARRS1,GPC1,0.0
58866.567,14.093,0.004,g,Pan-STARRS1,GPC1,0.0
58869.569,13.956,0.003,r,Pan-STARRS1,GPC1,0.0
58869.572,14.576,0.005,g,Pan-STARRS1,GPC1,0.0
58895.43,15.545,0.062,i,Nickel,Direct/2Kx2K,0.0
58900.38200000001,16.457,0.304,r,Nickel,Direct/2Kx2K,0.0
58862.53199073999,14.059,0.0226494,g,Thacher,,0.0
58862.53376157,14.2607,0.0205776,i,Thacher,,0.0
58862.53465278001,14.2657,0.0274638,z,Thacher,,0.0
58863.52743827,13.0437,0.0174421999999999,g,Thacher,,0.0
58864.3353626533,13.9919,0.0181177,g,Thacher,,0.0
58864.340625,14.0737,0.0145267,i,Thacher,,0.0
58864.33797068,13.9496,0.0151896,r,Thacher,,0.0
58864.3432716033,14.0234,0.0172692999999999,z,Thacher,,0.0
58865.4546103433,14.0479,0.0176085,g,Thacher,,0.0
58865.45892361,13.999,0.0423493,i,Thacher,,0.0
58865.4571913567,13.8869,0.018367,r,Thacher,,0.0
58866.3214544733,14.1006,0.0137315,g,Thacher,,0.0
58866.3267476867,14.0247,0.0134541,i,Thacher,,0.0
58866.3240895067,13.902,0.0124715,r,Thacher,,0.0
58866.3293865733,13.975,0.0331186999999999,z,Thacher,,0.0
58867.3479089533,14.201,0.0148215,g,Thacher,,0.0
58867.35320216001,14.061,0.015594,i,Thacher,,0.0
58867.3505439833,13.9024,0.0131257999999999,r,Thacher,,0.0
58867.3558526233,13.9645,0.0193563,z,Thacher,,0.0
58871.3340123433,14.899,0.013208,g,Thacher,,0.0
58871.3393209867,14.299,0.0117863,i,Thacher,,0.0
58871.3366512333,14.2089,0.0114479,r,Thacher,,0.0
58871.34196759329,14.1912,0.0199555,z,Thacher,,0.0
58872.32937114329,15.0731,0.0138635,g,Thacher,,0.0
58872.33465278001,14.3639,0.0144793999999999,i,Thacher,,0.0
58872.3320023133,14.3235,0.0137453,r,Thacher,,0.0
58872.3373109567,14.2471,0.0175929,z,Thacher,,0.0
58873.3982716033,15.3125,0.0171442,g,Thacher,,0.0
58873.40355710001,14.4816,0.0111558,i,Thacher,,0.0
58873.4009104933,14.4219,0.0117644,r,Thacher,,0.0
58873.4061998467,14.2937,0.0160601,z,Thacher,,0.0
58874.2856520067,15.4139,0.0172801,g,Thacher,,0.0
58874.29089892,14.5781,0.015209,i,Thacher,,0.0
58874.28824073999,14.5844,0.0166415,r,Thacher,,0.0
58874.2935416667,14.4215,0.0207749,z,Thacher,,0.0
58876.28513503001,15.6351,0.034795,g,Thacher,,0.0
58876.29037037,14.6309,0.024928,i,Thacher,,0.0
58876.28772376669,14.7813,0.0234703,r,Thacher,,0.0
58876.2930015467,14.5382,0.038435,z,Thacher,,0.0
58878.28725308329,15.0067,0.0212384,i,Thacher,,0.0
58878.2846026233,14.9257,0.0226241,r,Thacher,,0.0
58878.28990355,14.6351,0.0463719,z,Thacher,,0.0
58880.2831790133,16.1482,0.0225077,g,Thacher,,0.0
58880.28847993999,15.3037,0.016576,i,Thacher,,0.0
58880.2858179033,15.3563,0.016197,r,Thacher,,0.0
58880.29112268669,14.951,0.0229662,z,Thacher,,0.0
58881.2794135833,16.2231,0.0208786,g,Thacher,,0.0
58881.2846913567,15.4031,0.0153051,i,Thacher,,0.0
58881.28204861,15.4392,0.0138726,r,Thacher,,0.0
58881.2873379633,15.0057,0.0216623,z,Thacher,,0.0
58885.3655092567,16.472,0.0233783,g,Thacher,,0.0
58886.27953318001,16.5571,0.064915,g,Thacher,,0.0
58886.28480324,15.8054,0.0236242,i,Thacher,,0.0
58886.2821604933,15.8337,0.0233295,r,Thacher,,0.0
58886.28745370329,15.227,0.0324589,z,Thacher,,0.0
58890.2784259267,16.2544,0.219817,g,Thacher,,0.0
58890.28364583,15.8637,0.0482545,i,Thacher,,0.0
58890.2810300933,15.9358,0.0561213,r,Thacher,,0.0
58890.28629244,15.4857,0.0534952,z,Thacher,,0.0
58892.26337577,16.6863,0.0421457,g,Thacher,,0.0
58892.26888889,16.1301,0.027639,i,Thacher,,0.0
58892.2660763867,16.1826,0.0238815,r,Thacher,,0.0
58892.27167438,15.4144,0.0342536,z,Thacher,,0.0
58893.2465007733,16.6362,0.0180023,g,Thacher,,0.0
58893.25179784,16.1414,0.0177362,i,Thacher,,0.0
58893.24913193999,16.2205,0.0173778,r,Thacher,,0.0
58893.25444830001,15.4997,0.0385576,z,Thacher,,0.0
58894.25404320999,16.7564,0.0197686,g,Thacher,,0.0
58894.25934028,16.2668,0.0209181,i,Thacher,,0.0
58894.25668403,16.3302,0.0148567999999999,r,Thacher,,0.0
58894.26197916671,15.4296,0.0260803,z,Thacher,,0.0
58898.23909722,16.919,0.0252897,g,Thacher,,0.0
58898.24441358,16.254,0.0221466,i,Thacher,,0.0
58898.2417476867,16.4944,0.018422,r,Thacher,,0.0
58898.2470486133,15.5188,0.0319705999999999,z,Thacher,,0.0
58899.2317168233,16.922,0.0391309,g,Thacher,,0.0
58899.23702932,16.477,0.0348392,i,Thacher,,0.0
58899.23435957,16.3793,0.0278857,r,Thacher,,0.0
58899.23968364329,15.5345,0.0351883,z,Thacher,,0.0
58900.3418518533,16.9539,0.0458701,g,Thacher,,0.0
58900.34714119997,16.2961,0.0184106,i,Thacher,,0.0
58900.3444868833,16.434,0.0181812,r,Thacher,,0.0
58900.3497878067,15.5076,0.03007,z,Thacher,,0.0
58902.2646604933,16.3587,0.046432,i,Thacher,,0.0
58902.2620023133,16.3429,0.0246391,r,Thacher,,0.0
58903.2894868833,16.8103,0.0294872,g,Thacher,,0.0
58903.29476852,16.3345,0.0295317,i,Thacher,,0.0
58903.29211033999,16.5727,0.024972,r,Thacher,,0.0
58903.2974074067,15.773,0.0456793,z,Thacher,,0.0
58905.5698726833,16.4053,0.102383,g,Thacher,,0.0
58905.57505015329,16.4908,0.153632,i,Thacher,,0.0
58905.5724498467,16.6041,0.061177,r,Thacher,,0.0
58905.5776350333,15.5918,0.1487099999999999,z,Thacher,,0.0
58856.4111962963,16.772951403208403,1.086,rp,Sinistro,,0.0
58856.69851079861,14.9223302561783,1.086,ip,Sinistro,,0.0
58857.301418298615,16.0426,0.0898033406950989,up,Sinistro,,0.0
58857.30337739582,17.1717275098459,1.086,rp,Sinistro,,0.0
58858.30139189815,15.2002,0.0293281959213314,rp,Sinistro,,0.0
58860.04794810185,17.026270672383802,1.086,gp,Sinistro,,0.0
58861.04904650463,15.361211128922,1.086,up,Sinistro,,0.0
58861.68584540508,16.0902372762179,1.086,ip,Sinistro,,0.0
58864.754942997686,13.8735,0.0112378334210826,rp,Sinistro,,0.0
58867.3008770949,14.2082,0.0152491586981053,gp,Sinistro,,0.0
58868.27386299769,13.8276,0.0077746491239155,rp,Sinistro,,0.0
58872.289974201376,14.3043,0.0112290349095548,ip,Sinistro,,0.0
58874.2850725,16.8560030121094,1.086,ip,Sinistro,,0.0
58884.37010370369,17.7300701814051,1.086,gp,Sinistro,,0.0
58881.996881898136,18.4797035195132,1.086,ip,Sinistro,,0.0
58906.10186420138,17.284140077303697,1.086,ip,Sinistro,,0.0
58919.14211700232,16.851017248484194,1.086,gp,Sinistro,,0.0
58929.49872810185,17.5183360974227,1.086,gp,Sinistro,,0.0
58929.4969775,16.9241011135926,1.086,up,Sinistro,,0.0
58929.50071060184,16.9654351048624,1.086,ip,Sinistro,,0.0
58929.49972540508,17.3439950829843,1.086,rp,Sinistro,,0.0
58935.6176117014,15.5195901251518,1.086,up,Sinistro,,0.0
58935.64023049769,16.846848150964302,1.086,rp,Sinistro,,0.0
58935.63823969906,15.6337161708339,1.086,up,Sinistro,,0.0
58935.641231400456,16.7569221227106,1.086,ip,Sinistro,,0.0
58935.639228298605,17.2005213083442,1.086,gp,Sinistro,,0.0
58943.45874420138,15.3048822012832,1.086,up,Sinistro,,0.0
58943.46005349537,17.1372880784929,1.086,gp,Sinistro,,0.0
58943.46105379631,16.4902519314404,1.086,rp,Sinistro,,0.0
58943.46206930556,15.9826416646684,1.086,ip,Sinistro,,0.0
58895.29063650463,17.0402960540235,1.086,gp,Sinistro,,0.0
58876.328744201375,14.6589855194681,1.086,up,Sinistro,,0.0
58895.29333049768,16.4366508662455,1.086,ip,Sinistro,,0.0
58902.2362787963,15.4415807634591,1.086,up,Sinistro,,0.0
58884.37146019676,18.5313163497397,1.086,rp,Sinistro,,0.0
58919.14316930557,16.7355587423005,1.086,rp,Sinistro,,0.0
58902.23997680556,16.7567115733438,1.086,ip,Sinistro,,0.0
58919.14422640047,16.6115687976085,1.086,ip,Sinistro,,0.0
58902.23789010418,17.0191075670881,1.086,gp,Sinistro,,0.0
58910.1600095949,17.6478650952906,1.086,rp,Sinistro,,0.0
58952.44129510416,16.7092850000905,1.086,up,Sinistro,,0.0
58923.14096680557,17.5429783462326,1.086,gp,Sinistro,,0.0
58919.139339097215,16.445584879909898,1.086,up,Sinistro,,0.0
58895.28822439815,16.0770469246157,1.086,up,Sinistro,,0.0
58923.14202349538,17.5682279182981,1.086,rp,Sinistro,,0.0
58952.4443129051,17.939956596321398,1.086,ip,Sinistro,,0.0
58923.14308599537,17.495886580975803,1.086,ip,Sinistro,,0.0
58902.23893349538,16.8671725026962,1.086,rp,Sinistro,,0.0
58914.26766090276,17.5033128507574,1.086,rp,Sinistro,,0.0
58952.44330900464,18.0763400744165,1.086,rp,Sinistro,,0.0
58910.15639540509,16.404600061304702,1.086,up,Sinistro,,0.0
58895.29198379631,16.7167762300203,1.086,rp,Sinistro,,0.0
58952.44229099537,18.1852179787847,1.086,gp,Sinistro,,0.0
58906.09869439816,16.2608803456238,1.086,up,Sinistro,,0.0
58923.137844097226,16.6400561078277,1.086,up,Sinistro,,0.0
58884.36816700232,16.3557743629602,1.086,up,Sinistro,,0.0
58857.31849260418,17.3587560829792,1.086,rp,Sinistro,,0.0
58857.34790329861,17.5595386871444,1.086,rp,Sinistro,,0.0
58856.30783010418,16.8429318042692,1.086,rp,Sinistro,,0.0
58856.36973799767,16.2077577002458,1.086,ip,Sinistro,,0.0
58860.42249140046,-13.050520649279196,1.086,rp,Sinistro,,0.0
58860.41980019676,-11.1562102279801,1.086,up,Sinistro,,0.0
58959.339341898136,17.8530742647669,1.086,gp,Sinistro,,0.0
58959.34036769675,17.860222301807198,1.086,rp,Sinistro,,0.0
58959.34145760418,17.754473979966,1.086,ip,Sinistro,,0.0
58966.352328298606,16.728817332146598,1.086,ip,Sinistro,,0.0
58966.35133510416,16.9148940318044,1.086,rp,Sinistro,,0.0
58966.346135,16.9613960464727,1.086,up,Sinistro,,0.0
58966.35034700232,16.8111166935868,1.086,gp,Sinistro,,0.0
58974.11143359952,17.1674637898025,1.086,gp,Sinistro,,0.0
58974.11242700232,17.1586811154169,1.086,rp,Sinistro,,0.0
58974.11341239582,16.862032641406,1.086,ip,Sinistro,,0.0
58974.1101612037,16.2724401133356,1.086,up,Sinistro,,0.0
58980.7621129051,17.2868258767276,1.086,gp,Sinistro,,0.0
58980.763103194426,17.1858924487427,1.086,rp,Sinistro,,0.0
58980.75848819444,17.510686405029194,1.086,up,Sinistro,,0.0
58980.76410310184,16.8623596548672,1.086,ip,Sinistro,,0.0
58988.31710269675,16.9399546104549,1.086,ip,Sinistro,,0.0
58988.316112303255,17.240786509844902,1.086,rp,Sinistro,,0.0
58988.31293120369,16.6776286623887,1.086,up,Sinistro,,0.0
58988.31512849537,17.3907303707569,1.086,gp,Sinistro,,0.0
58996.502666805565,17.502915392762002,1.086,gp,Sinistro,,0.0
58996.500455196765,17.330354219017803,1.086,up,Sinistro,,0.0
58996.50466760418,17.4920167260725,1.086,ip,Sinistro,,0.0
58996.503663101845,17.5105072317808,1.086,rp,Sinistro,,0.0
59002.74630390047,18.86773381459361,1.086,rp,Sinistro,,0.0
59002.7472995949,18.6948001739413,1.086,ip,Sinistro,,0.0
59002.74310659723,18.819995591200303,1.086,up,Sinistro,,0.0
59002.74530769675,18.899957798764,1.086,gp,Sinistro,,0.0
59007.71042579861,18.827031733334803,1.086,rp,Sinistro,,0.0
59007.70939599536,18.616193293435604,1.086,gp,Sinistro,,0.0
59007.704254305565,19.4216139804921,1.086,up,Sinistro,,0.0
59007.71141280093,18.6508646425633,1.086,ip,Sinistro,,0.0
59014.79912700233,19.206392372477698,1.086,gp,Sinistro,,0.0
59014.80113019678,18.7291622980794,1.086,ip,Sinistro,,0.0
59014.79388209488,19.6520761664339,1.086,up,Sinistro,,0.0
59014.80013549769,19.0621466189853,1.086,rp,Sinistro,,0.0
59026.3471257986,17.5784056090679,1.086,ip,Sinistro,,0.0
59026.345095196775,17.310044534629,1.086,gp,Sinistro,,0.0
59026.33888719908,18.542635424804896,1.086,up,Sinistro,,0.0
59032.34242989582,20.3510119644632,1.086,gp,Sinistro,,0.0
59032.34444609952,20.1976929099499,1.086,ip,Sinistro,,0.0
59032.34021680556,19.9305497156457,1.086,up,Sinistro,,0.0
59032.3434425,20.36449462993161,1.086,rp,Sinistro,,0.0
59038.71726640048,19.6694151369467,1.086,rp,Sinistro,,0.0
59038.715121597226,19.7247543096614,1.086,gp,Sinistro,,0.0
59038.719573101866,19.8230174692298,1.086,ip,Sinistro,,0.0
59202.094513101845,18.5945892217895,1.086,gp,Sinistro,,0.0
59202.09650780094,18.4546180674636,1.086,ip,Sinistro,,0.0
59202.09216739582,18.4626669060354,1.086,up,Sinistro,,0.0
59202.09551189815,18.7932639950122,1.086,rp,Sinistro,,0.0
59208.07233400463,18.3965143863565,1.086,gp,Sinistro,,0.0
59208.07433010418,17.9178433838931,1.086,ip,Sinistro,,0.0
59208.07333239582,18.5526484915632,1.086,rp,Sinistro,,0.0
59208.06814390048,18.4746510736456,1.086,up,Sinistro,,0.0
59213.44986959492,17.2131292246308,1.086,up,Sinistro,,0.0
59214.05229620369,18.2949295509198,1.086,rp,Sinistro,,0.0
59214.05328909722,18.206579322406,1.086,ip,Sinistro,,0.0
59214.05129569445,17.8204057193253,1.086,gp,Sinistro,,0.0
59214.04850540508,17.3702425343414,1.086,up,Sinistro,,0.0
59220.37174260418,18.2090797788658,1.086,rp,Sinistro,,0.0
59220.37075010418,18.41447611709561,1.086,gp,Sinistro,,0.0
59220.37273569445,18.0033318851285,1.086,ip,Sinistro,,0.0
59220.36719239582,18.04030674173,1.086,up,Sinistro,,0.0
59226.10814409723,17.9220145013892,1.086,rp,Sinistro,,0.0
59226.109145,17.109858921519198,1.086,ip,Sinistro,,0.0
59226.10714269675,17.6489310077618,1.086,gp,Sinistro,,0.0
59226.1041625,18.4078270543579,1.086,up,Sinistro,,0.0
59227.71533390047,18.6993630936169,1.086,rp,Sinistro,,0.0
59227.71433790509,18.8087044324355,1.086,gp,Sinistro,,0.0
59227.71212269675,18.3775291776138,1.086,up,Sinistro,,0.0
59227.71633760418,18.462492399428506,1.086,ip,Sinistro,,0.0
59232.37050709489,17.7591288509799,1.086,up,Sinistro,,0.0
59232.375659305566,16.923292554036,1.086,rp,Sinistro,,0.0
59232.374665798605,17.3535882930532,1.086,gp,Sinistro,,0.0
59232.37664530093,16.6788875714515,1.086,ip,Sinistro,,0.0
59236.05943780094,17.9242980187444,1.086,up,Sinistro,,0.0
59236.06363390048,17.2625340887342,1.086,ip,Sinistro,,0.0
59236.0626307986,18.1112190318544,1.086,rp,Sinistro,,0.0
59236.06163450232,18.1616006068464,1.086,gp,Sinistro,,0.0
59245.4224962963,18.6911723787727,1.086,gp,Sinistro,,0.0
59245.420293101866,18.3943302744301,1.086,up,Sinistro,,0.0
59245.42349489582,18.6248432496316,1.086,rp,Sinistro,,0.0
59245.42449359952,18.521966649980897,1.086,ip,Sinistro,,0.0
59252.058104803225,18.1364163676221,1.086,rp,Sinistro,,0.0
59252.05251640046,18.8019672585073,1.086,up,Sinistro,,0.0
59252.05910180557,17.5705839224854,1.086,ip,Sinistro,,0.0
59252.05711939815,18.1230569636727,1.086,gp,Sinistro,,0.0
58883.11695989584,15.663,0.0160988824456855,V,Sinistro,,0.0
58883.00979730325,18.1394372744278,1.086,gp,Sinistro,,0.0
58883.00615950232,18.0780004401052,1.086,B,Sinistro,,0.0
58880.12087890048,17.6328635359133,1.086,rp,Sinistro,,0.0
58880.11724700232,17.258662588199506,1.086,V,Sinistro,,0.0
58879.07545939816,16.0225461643446,1.086,V,Sinistro,,0.0
58879.076275694446,17.2282616375138,1.086,gp,Sinistro,,0.0
58879.07363840278,16.468558834586002,1.086,B,Sinistro,,0.0
58878.06517450232,15.3937893528231,1.086,ip,Sinistro,,0.0
58878.058871805566,16.787277324596,1.086,B,Sinistro,,0.0
58878.06251870369,16.8953364419088,1.086,gp,Sinistro,,0.0
58878.060043194426,16.1573157054604,1.086,V,Sinistro,,0.0
58877.02907379631,18.2858916910591,1.086,rp,Sinistro,,0.0
58873.08990239582,18.6235735956458,1.086,B,Sinistro,,0.0
58873.09271359952,17.9282677398418,1.086,V,Sinistro,,0.0
58871.31491950232,14.2886,0.0105053222701638,V,Sinistro,,0.0
58871.318571203694,14.1884,0.0122199327330391,rp,Sinistro,,0.0
58869.35681829861,14.0426,0.0105728600198811,V,Sinistro,,0.0
58857.72217719907,16.9746753674195,1.086,ip,Sinistro,,0.0
59257.33226810185,19.2189440857271,1.086,gp,Sinistro,,0.0
59257.33005359952,18.370768953539,1.086,up,Sinistro,,0.0
59257.333271805546,19.1680117335559,1.086,rp,Sinistro,,0.0
59257.33427480325,19.0213530403592,1.086,ip,Sinistro,,0.0
59262.224542199074,18.3730046355938,1.086,gp,Sinistro,,0.0
59262.22661810186,18.3717619877586,1.086,ip,Sinistro,,0.0
59262.21783060184,18.188316957150302,1.086,up,Sinistro,,0.0
59262.22555109952,18.5826917157137,1.086,rp,Sinistro,,0.0
59267.12203140046,17.3448424454402,1.086,rp,Sinistro,,0.0
59267.11713299768,17.5422616936726,1.086,up,Sinistro,,0.0
59267.12303060183,16.9467728771314,1.086,ip,Sinistro,,0.0
59267.12103950232,17.4550886387729,1.086,gp,Sinistro,,0.0
58869.35282000001,15.1122,0.0122557578305056,B,Direct/4Kx4K,,0.0
58869.34804,14.0895,0.016112773069835,i,Direct/4Kx4K,,0.0
58870.31922000001,14.2307,0.0141740079017898,V,Direct/4Kx4K,,0.0
58870.31588,14.1215,0.0094009319218894,i,Direct/4Kx4K,,0.0
58872.35361000001,15.0865,0.01332593276285,g,Direct/4Kx4K,,0.0
58884.36979,15.4579,0.0169260888571459,i,Direct/4Kx4K,,0.0
58894.32212,16.9893,0.0542163849772373,B,Direct/4Kx4K,,0.0
58896.29095,15.6847,0.0329814523027716,i,Direct/4Kx4K,,0.0
58897.31029,16.2435,0.0751348188325493,r,Direct/4Kx4K,,0.0
58897.31243,15.9887,0.0107882484213147,i,Direct/4Kx4K,,0.0
58897.31432000001,16.5341,0.0089512703567706,g,Direct/4Kx4K,,0.0
58897.31652000001,18.0582,0.021616681058849,u,Direct/4Kx4K,,0.0
58897.32403,16.2033,0.112112938419257,V,Direct/4Kx4K,,0.0
58897.32598,16.8746,0.0121642704672331,B,Direct/4Kx4K,,0.0
58912.26564,16.5153,0.114135359328299,r,Direct/4Kx4K,,0.0
58921.250620000006,18.0801,0.0670821138605515,u,Direct/4Kx4K,,0.0
58921.2622,17.3321,0.0945517847531182,B,Direct/4Kx4K,,0.0
58921.25843,16.9054,0.0357597290817478,V,Direct/4Kx4K,,0.0
58923.27495,16.5969,0.0121671689394041,i,Direct/4Kx4K,,0.0
58923.28922000001,17.2393,0.0228155333270998,B,Direct/4Kx4K,,0.0
58923.28696000001,16.745,0.0146710599480746,V,Direct/4Kx4K,,0.0
58885.38447000001,16.3680730862346,1.086,g,Direct/4Kx4K,,0.0
58942.51446837963,17.5474,0.0386301,r,GPC1,,0.0
58942.517165023135,16.958,0.0493714,z,GPC1,,0.0
58976.4222835648,18.2901,0.156813,r,GPC1,,0.0
58954.18390324072,19.039233619681,1.086,i,Direct/2Kx2K,,0.0
58954.155393402776,18.8464411574353,1.086,B,Direct/2Kx2K,,0.0
58880.43911157407,18.1629065080092,1.086,V,Direct/2Kx2K,,0.0
58880.43696956018,18.8289463977953,1.086,B,Direct/2Kx2K,,0.0
58880.443395023154,17.5791152796339,1.086,i,Direct/2Kx2K,,0.0
58880.441253125,18.4025544583836,1.086,r,Direct/2Kx2K,,0.0
58963.19397152778,18.3539792898302,1.086,B,Direct/2Kx2K,,0.0
58963.21081608796,18.5220030087622,1.086,i,Direct/2Kx2K,,0.0
58963.20010729168,17.9922643923057,1.086,V,Direct/2Kx2K,,0.0
58904.35018055557,19.2419720190868,1.086,i,Direct/2Kx2K,,0.0
58904.34589733796,18.4789583944535,1.086,V,Direct/2Kx2K,,0.0
58904.348038773154,19.0651265434467,1.086,r,Direct/2Kx2K,,0.0
58900.3797601852,18.5824120319293,1.086,V,Direct/2Kx2K,,0.0
58900.38404328704,18.4723731044812,1.086,i,Direct/2Kx2K,,0.0
58899.32207974537,18.9391921945341,1.086,V,Direct/2Kx2K,,0.0
58895.43777175926,19.337110348567705,1.086,r,Direct/2Kx2K,,0.0
58895.42540266204,19.0739013776644,1.086,V,Direct/2Kx2K,,0.0
58895.43348865741,19.1312121307669,1.086,B,Direct/2Kx2K,,0.0
58895.43563009259,18.8281508472016,1.086,V,Direct/2Kx2K,,0.0
58895.43991296296,19.0703848234081,1.086,i,Direct/2Kx2K,,0.0
58895.427543981474,16.3155,0.166374306910653,r,Direct/2Kx2K,,0.0
58963.206069097214,19.44406468520469,1.086,r,Direct/2Kx2K,,0.0
58954.17933101853,19.888236133882803,1.086,r,Direct/2Kx2K,,0.0
58856.69851079861,15.3525,0.0398688161349193,ip,Sinistro,,0.0
58935.63823969906,15.6337161706532,0.362,up,Sinistro,,0.0
58935.641231400456,16.7569221225265,0.362,ip,Sinistro,,0.0
58935.6176117014,15.5195901249701,0.362,up,Sinistro,,0.0
58868.27386299769,13.8276,0.0077746491239155,rp,Sinistro,,0.0
58874.2850725,14.7664,0.0733194692356676,ip,Sinistro,,0.0
58943.46206930556,15.9797696597998,0.362,ip,Sinistro,,0.0
58929.50071060184,13.0190193865428,1.086,ip,Sinistro,,0.0
58884.37010370369,16.3153,0.300107904276112,gp,Sinistro,,0.0
58867.3008770949,14.2082,0.0152491586981053,gp,Sinistro,,0.0
58861.68584540508,14.239,0.0124597913305159,ip,Sinistro,,0.0
58929.49972540508,13.408114964785,1.086,rp,Sinistro,,0.0
58872.289974201376,14.3043,0.0112290349095548,ip,Sinistro,,0.0
58906.10186420138,15.8537,0.021215848816392,ip,Sinistro,,0.0
58935.639228298605,17.2005213081658,0.362,gp,Sinistro,,0.0
58856.4111962963,16.9454,0.283146655540905,rp,Sinistro,,0.0
58857.30337739582,15.5238,0.0143755008608396,rp,Sinistro,,0.0
58929.4969775,17.5731,0.0920064785762394,up,Sinistro,,0.0
58935.64023049769,16.8468481507792,0.362,rp,Sinistro,,0.0
58929.49872810185,16.3589,0.0467680497882903,gp,Sinistro,,0.0
58943.45874420138,15.3047516419339,0.362,up,Sinistro,,0.0
58864.754942997686,13.8735,0.0112378334210826,rp,Sinistro,,0.0
58881.996881898136,15.4331,0.094227511566421,ip,Sinistro,,0.0
58943.46105379631,16.4890842717411,0.362,rp,Sinistro,,0.0
58943.46005349537,17.1381887244898,0.362,gp,Sinistro,,0.0
58919.14211700232,16.5275,0.0325810144102359,gp,Sinistro,,0.0
58861.04904650463,14.7377,0.0307800259908922,up,Sinistro,,0.0
58857.301418298615,16.0426,0.0898033406950989,up,Sinistro,,0.0
58860.04794810185,15.1241,0.0591135889622682,gp,Sinistro,,0.0
58856.3068305,16.2866,0.0181464,gp,Siding Spring 1m,,
58856.3078301,16.3125,0.020332,rp,Siding Spring 1m,,
58856.308809,17.7549,0.114175,ip,Siding Spring 1m,,
58856.327614600006,16.2537,0.0139388,gp,Siding Spring 1m,,
58856.3302329,16.2681,0.0147407999999999,gp,Siding Spring 1m,,
58856.3330164,16.4827,0.016655,rp,Siding Spring 1m,,
58856.334712,16.480999999999998,0.017561,rp,Siding Spring 1m,,
58856.33656919999,16.8048,0.0257865,ip,Siding Spring 1m,,
58856.3382525,16.712,0.0248182,ip,Siding Spring 1m,,
58856.3489274,16.3049,0.0155657,gp,Siding Spring 1m,,
58856.3677439,16.2996,0.0208396,gp,Siding Spring 1m,,
58856.36874430001,15.8712,0.020332,rp,Siding Spring 1m,,
58856.369738,16.387,0.0345824,ip,Siding Spring 1m,,
58856.4102006,16.0143,0.0172710999999999,gp,Siding Spring 1m,,
58856.4111963,16.1207,0.0194007,rp,Siding Spring 1m,,
58856.4121912,16.3621,0.0248182,ip,Siding Spring 1m,,
58856.69751290001,16.2458,0.0250677,rp,Siding Spring 1m,,
58856.6985108,15.9858,0.0593375,ip,Siding Spring 1m,,
58856.730014,16.0388,0.0124213999999999,gp,Siding Spring 1m,,
58856.73264800001,16.0196,0.0131639999999999,gp,Siding Spring 1m,,
58856.7354329,16.0688,0.0157603999999999,rp,Siding Spring 1m,,
58856.7371386,16.0735,0.0157603999999999,rp,Siding Spring 1m,,
58856.7390531,16.3229,0.0523827,ip,Siding Spring 1m,,
58856.7407471,16.3037,0.017203,ip,Siding Spring 1m,,
58857.30239219999,15.7991,0.0131639999999999,gp,Siding Spring 1m,,
58857.30337740001,15.7746,0.0131677,rp,Siding Spring 1m,,
58857.30436259999,16.1713,0.0190773,ip,Siding Spring 1m,,
58857.3174957,15.8214,0.0131639999999999,gp,Siding Spring 1m,,
58857.3184926,15.8408,0.0123445999999999,rp,Siding Spring 1m,,
58857.3194778,16.0583,0.0162771,ip,Siding Spring 1m,,
58857.346904,15.8575,0.0139388,gp,Siding Spring 1m,,
58857.3479033,15.8078,0.0123445999999999,rp,Siding Spring 1m,,
58857.3488885,15.9831,0.0144548,ip,Siding Spring 1m,,
58857.3630897,15.6833,0.113324,gp,Siding Spring 1m,,
58857.3658834,15.9892,0.177148,rp,Siding Spring 1m,,
58857.71319,15.6841,0.0172710999999999,gp,Siding Spring 1m,,
58857.7158125,15.6451,0.0164101,gp,Siding Spring 1m,,
58857.71860680001,15.5703,0.0140139,rp,Siding Spring 1m,,
58857.7202993,15.4217,0.0140139,rp,Siding Spring 1m,,
58857.7221772,15.5438,0.0200235,ip,Siding Spring 1m,,
58857.72386950001,15.6286,0.0219304,ip,Siding Spring 1m,,
58858.29968819999,15.3368,0.0124213999999999,gp,Siding Spring 1m,,
58858.299862,15.4162,0.0104542,gp,Siding Spring 1m,,
58858.3010161,15.3019,0.00940152,rp,Siding Spring 1m,,
58858.3013919,15.2909,0.00879708,rp,Siding Spring 1m,,
58858.3023586,15.5244,0.0101952,ip,Siding Spring 1m,,
58858.3027366,15.5196,0.0101952,ip,Siding Spring 1m,,
58858.3062284,15.4012,0.0104542,gp,Siding Spring 1m,,
58858.3075632,15.3241,0.00940152,rp,Siding Spring 1m,,
58858.308905,15.5513,0.0109974,ip,Siding Spring 1m,,
58858.3382789,15.3553,0.0117171,gp,Siding Spring 1m,,
58858.3396234,15.2415,0.0107884,rp,Siding Spring 1m,,
58858.34096980001,15.4151,0.0126863,ip,Siding Spring 1m,,
58859.0506027,15.1026,0.00991417,gp,Siding Spring 1m,,
58859.0519359,15.1302,0.00879708,rp,Siding Spring 1m,,
58859.05326880001,15.2069,0.0101952,ip,Siding Spring 1m,,
58859.29702200001,14.9928,0.0104542,gp,Siding Spring 1m,,
58859.2983551,14.9067,0.00879708,rp,Siding Spring 1m,,
58859.29968819999,15.1182,0.00943093,ip,Siding Spring 1m,,
58859.6886377,14.8643,0.0104542,gp,Siding Spring 1m,,
58859.6899827,14.7855,0.00940152,rp,Siding Spring 1m,,
58859.69132790001,14.9892,0.0101952,ip,Siding Spring 1m,,
58860.04794809999,14.7059,0.00944938,gp,Siding Spring 1m,,
58860.04928099999,14.6568,0.00826974,rp,Siding Spring 1m,,
58860.0506256,14.8175,0.00871449,ip,Siding Spring 1m,,
58860.0706904,14.6277,0.00879151,gp,Siding Spring 1m,,
58860.07331,14.6382,0.00879151,gp,Siding Spring 1m,,
58860.0760803,14.6524,0.00783509,rp,Siding Spring 1m,,
58860.0777727,14.6413,0.00783509,rp,Siding Spring 1m,,
58860.0796389,14.868,0.00747947,ip,Siding Spring 1m,,
58860.08131950001,14.8328,0.00747947,ip,Siding Spring 1m,,
58861.0471037,14.5148,0.00871449,ip,Siding Spring 1m,,
58861.0503794,14.3547,0.00991417,gp,Siding Spring 1m,,
58861.05171740001,14.3716,0.00826974,rp,Siding Spring 1m,,
58861.0530556,14.5771,0.00871449,ip,Siding Spring 1m,,
58861.2915275,14.4328,0.00991417,gp,Siding Spring 1m,,
58861.29286059999,14.3269,0.00783509,rp,Siding Spring 1m,,
58861.2941936,14.5449,0.00805868,ip,Siding Spring 1m,,
58861.3463657,14.3066,0.00879151,gp,Siding Spring 1m,,
58861.3480572,14.3287,0.00879151,gp,Siding Spring 1m,,
58861.34990750001,14.3334,0.00783509,rp,Siding Spring 1m,,
58861.3509095,14.3822,0.00783509,rp,Siding Spring 1m,,
58861.35208130001,14.6189,0.00805868,ip,Siding Spring 1m,,
58861.3530852,14.5879,0.00747947,ip,Siding Spring 1m,,
58861.6831589,14.2598,0.0124213999999999,gp,Siding Spring 1m,,
58861.6845061,14.3051,0.00879708,rp,Siding Spring 1m,,
58861.6858454,14.4377,0.00871449,ip,Siding Spring 1m,,
58862.3614383,14.1339,0.00879151,gp,Siding Spring 1m,,
58862.36313080001,14.1283,0.00879151,gp,Siding Spring 1m,,
58862.364997,14.1972,0.00783509,rp,Siding Spring 1m,,
58862.36600549999,14.2112,0.00783509,rp,Siding Spring 1m,,
58862.3671762,14.3133,0.00747947,ip,Siding Spring 1m,,
58862.36818480001,14.3182,0.00747947,ip,Siding Spring 1m,,
58864.31037130001,13.9037,0.0328084,rp,Siding Spring 1m,,
58864.3117174,14.1045,0.0277298,ip,Siding Spring 1m,,
58864.75359380001,14.05,0.00907142,gp,Siding Spring 1m,,
58864.75494299999,13.9507,0.00783509,rp,Siding Spring 1m,,
58864.7562847,14.1319,0.00805868,ip,Siding Spring 1m,,
58866.3036787,14.0795,0.00944938,gp,Siding Spring 1m,,
58866.30501519999,13.8283,0.00879708,rp,Siding Spring 1m,,
58866.3063505,13.9707,0.00943093,ip,Siding Spring 1m,,
58867.3008771,14.2961,0.00944938,gp,Siding Spring 1m,,
58867.3022233,13.8924,0.00783509,rp,Siding Spring 1m,,
58867.30356159999,14.0805,0.00805868,ip,Siding Spring 1m,,
58867.3972176,14.251,0.00907142,gp,Siding Spring 1m,,
58867.3985651,14.2707,0.00907142,gp,Siding Spring 1m,,
58867.4000726,13.8872,0.00750924,rp,Siding Spring 1m,,
58867.40072760001,13.9215,0.00783509,rp,Siding Spring 1m,,
58867.4015408,14.0019,0.00699588,ip,Siding Spring 1m,,
58867.4021824,14.0289,0.00699588,ip,Siding Spring 1m,,
58868.2725076,14.4409,0.00907142,gp,Siding Spring 1m,,
58868.273863,14.0097,0.00783509,rp,Siding Spring 1m,,
58868.27523330001,14.2372,0.00747947,ip,Siding Spring 1m,,
58869.26996769999,14.5828,0.00944938,gp,Siding Spring 1m,,
58869.2713132,14.148,0.00783509,rp,Siding Spring 1m,,
58869.27264630001,14.2144,0.00747947,ip,Siding Spring 1m,,
58869.3576297,14.577,0.00944938,gp,Siding Spring 1m,,
58869.3586268,14.5836,0.00944938,gp,Siding Spring 1m,,
58869.3597977,14.0084,0.00783509,rp,Siding Spring 1m,,
58869.3604354,13.9994,0.00783509,rp,Siding Spring 1m,,
58869.3612469,14.1756,0.00805868,ip,Siding Spring 1m,,
58869.3618961,14.1552,0.00805868,ip,Siding Spring 1m,,
58870.2669087,14.8638,0.00991417,gp,Siding Spring 1m,,
58870.2682439,14.3302,0.00783509,rp,Siding Spring 1m,,
58870.269577,14.488,0.00805868,ip,Siding Spring 1m,,
58871.2650008,15.0957,0.0110584999999999,gp,Siding Spring 1m,,
58871.266337,14.332,0.00826974,rp,Siding Spring 1m,,
58871.3157309,15.0002,0.0104542,gp,Siding Spring 1m,,
58871.3167279,15.004,0.0104542,gp,Siding Spring 1m,,
58871.31788709999,14.2461,0.00826974,rp,Siding Spring 1m,,
58871.3185712,14.2557,0.00879708,rp,Siding Spring 1m,,
58871.3193826,14.2955,0.00871449,ip,Siding Spring 1m,,
58871.320032,14.3671,0.00871449,ip,Siding Spring 1m,,
58872.2872798,15.1602,0.0104542,gp,Siding Spring 1m,,
58872.2886245,14.2861,0.00826974,rp,Siding Spring 1m,,
58872.2899742,14.3911,0.00805868,ip,Siding Spring 1m,,
58873.0880454,15.2733,0.0110584999999999,gp,Siding Spring 1m,,
58873.08939,14.421,0.00879708,rp,Siding Spring 1m,,
58873.0907231,14.5356,0.00805868,ip,Siding Spring 1m,,
58873.0935244,15.2238,0.0104542,gp,Siding Spring 1m,,
58873.0945201,15.2346,0.0104542,gp,Siding Spring 1m,,
58873.09568969999,14.4673,0.00879708,rp,Siding Spring 1m,,
58873.0963314,14.4895,0.00879708,rp,Siding Spring 1m,,
58873.097142,14.4667,0.00871449,ip,Siding Spring 1m,,
58873.0977911,14.4572,0.00805868,ip,Siding Spring 1m,,
58874.28234369999,15.447,0.0124213999999999,gp,Siding Spring 1m,,
58874.28369809999,14.5482,0.00940152,rp,Siding Spring 1m,,
58874.2850725,14.6015,0.00871449,ip,Siding Spring 1m,,
58875.2540397,15.6799,0.0124213999999999,gp,Siding Spring 1m,,
58875.2553907,14.7918,0.00879708,rp,Siding Spring 1m,,
58875.2567452,14.8022,0.00871449,ip,Siding Spring 1m,,
58876.02878450001,15.7038,0.0124213999999999,gp,Siding Spring 1m,,
58876.029793,15.6894,0.0124213999999999,gp,Siding Spring 1m,,
58876.0309755,14.869000000000002,0.0100692,rp,Siding Spring 1m,,
58876.0316247,14.8501,0.00940152,rp,Siding Spring 1m,,
58876.0324363,14.8492,0.00943093,ip,Siding Spring 1m,,
58876.0330854,14.8435,0.00943093,ip,Siding Spring 1m,,
58876.3349338,15.8372,0.0360318,gp,Siding Spring 1m,,
58876.33627030001,14.9502,0.0131677,rp,Siding Spring 1m,,
58876.3376064,14.8419,0.0181367999999999,ip,Siding Spring 1m,,
58877.026255,15.8292,0.0131639999999999,gp,Siding Spring 1m,,
58877.02726130001,15.8481,0.0131639999999999,gp,Siding Spring 1m,,
58877.0284221,14.9493,0.0100692,rp,Siding Spring 1m,,
58877.0290738,14.9661,0.0100692,rp,Siding Spring 1m,,
58877.0298859,14.947,0.0101952,ip,Siding Spring 1m,,
58877.03053,14.9904,0.0101952,ip,Siding Spring 1m,,
58877.2568144,15.8738,0.0283247,gp,Siding Spring 1m,,
58877.2581569,15.0106,0.0115494,rp,Siding Spring 1m,,
58877.2634249,15.913,0.0164101,gp,Siding Spring 1m,,
58877.2647556,14.9765,0.0115494,rp,Siding Spring 1m,,
58877.266107,14.9356,0.0153603999999999,ip,Siding Spring 1m,,
58878.0651745,14.9924,0.0126863,ip,Siding Spring 1m,,
58878.0658239,14.9939,0.0109974,ip,Siding Spring 1m,,
58878.3400506,16.023,0.0131639999999999,gp,Siding Spring 1m,,
58878.3413857,15.1555,0.00940152,rp,Siding Spring 1m,,
58878.3427123,15.0794,0.0101952,ip,Siding Spring 1m,,
58880.1180631,16.0669,0.0164101,gp,Siding Spring 1m,,
58880.1190628,16.0963,0.0164101,gp,Siding Spring 1m,,
58880.12023099999,15.2908,0.0140139,rp,Siding Spring 1m,,
58880.1208789,15.3452,0.0131677,rp,Siding Spring 1m,,
58880.1216929,15.323,0.0162771,ip,Siding Spring 1m,,
58880.1223405,15.2874,0.0144548,ip,Siding Spring 1m,,
58881.9941444,16.2582,0.0155657,gp,Siding Spring 1m,,
58881.99552230001,15.5955,0.0123445999999999,rp,Siding Spring 1m,,
58881.9968819,15.4947,0.0118297,ip,Siding Spring 1m,,
58882.0888727,16.3256,0.0172710999999999,gp,Siding Spring 1m,,
58882.0898714,16.2796,0.0164101,gp,Siding Spring 1m,,
58882.0910827,15.532,0.0123445999999999,rp,Siding Spring 1m,,
58882.0917389,15.5314,0.0123445999999999,rp,Siding Spring 1m,,
58882.0925954,15.5238,0.0126863,ip,Siding Spring 1m,,
58882.0932431,15.5526,0.0126863,ip,Siding Spring 1m,,
58883.00979730001,16.3783,0.0199322,gp,Siding Spring 1m,,
58883.0108077,16.3878,0.0190339,gp,Siding Spring 1m,,
58883.0119796,15.5653,0.0148791,rp,Siding Spring 1m,,
58883.1177726,16.3461,0.0155657,gp,Siding Spring 1m,,
58883.1187762,16.322,0.0155657,gp,Siding Spring 1m,,
58883.11994630001,15.6718,0.0123445999999999,rp,Siding Spring 1m,,
58883.1205983,15.6122,0.0123445999999999,rp,Siding Spring 1m,,
58883.1214109,15.5839,0.0135625,ip,Siding Spring 1m,,
58883.1220631,15.5507,0.0135625,ip,Siding Spring 1m,,
58883.99484500001,16.3904,0.0164101,gp,Siding Spring 1m,,
58883.9961893,16.4906,0.0181464,gp,Siding Spring 1m,,
58883.99770959999,15.7189,0.0148791,rp,Siding Spring 1m,,
58883.9987053,15.7469,0.0140139,rp,Siding Spring 1m,,
58883.99987769999,15.6467,0.0144548,ip,Siding Spring 1m,,
58884.00088099999,15.6832,0.0153603999999999,ip,Siding Spring 1m,,
58884.37010369999,16.4774,0.0172710999999999,gp,Siding Spring 1m,,
58884.3714602,15.7472,0.0115494,rp,Siding Spring 1m,,
58884.3728344,15.7373,0.0144548,ip,Siding Spring 1m,,
58543.29655090021,18.668794393045857,0.1457231336880997,g-ZTF,P48,,0.0
58547.43775459984,19.70777319621865,0.3213574355136455,i-ZTF,P48,,0.0
58558.22047450021,18.909278258239333,0.1766063000325921,r-ZTF,P48,,0.0
58559.31499999994,20.35021235196388,0.3505300525801035,g-ZTF,P48,,0.0
58559.31590279983,20.31147315249105,0.3405200958947145,g-ZTF,P48,,0.0
58575.29160880018,19.27063561899761,0.1831481276272352,g-ZTF,P48,,0.0
58575.294444399886,19.8942131252276,0.2008088106835545,g-ZTF,P48,,0.0
58575.37133099977,18.95669306114861,0.2818680139363786,r-ZTF,P48,,0.0
58580.25539349997,20.495763545830528,0.2262825895923511,g-ZTF,P48,,0.0
58580.34750000015,20.554264589785447,0.3330288763002275,r-ZTF,P48,,0.0
58583.27584489994,19.737297273582584,0.222645024859751,r-ZTF,P48,,0.0
58584.31604170008,20.47134822305001,0.3373559934059085,r-ZTF,P48,,0.0
58586.25516200019,20.508132940730576,0.2733358320253278,g-ZTF,P48,,0.0
58588.33996530017,19.807437737163543,0.2945996661679653,r-ZTF,P48,,0.0
58589.27237269981,19.22032181491423,0.2852378228036968,r-ZTF,P48,,0.0
58596.22782409983,20.60667090292325,0.318903546283365,g-ZTF,P48,,0.0
58596.22872690018,20.3874272779606,0.2369848056966261,g-ZTF,P48,,0.0
58597.3322222,20.196469787058707,0.2407291500463396,r-ZTF,P48,,0.0
58600.2122105998,20.569811988541527,0.2782038249742774,g-ZTF,P48,,0.0
58600.21312499978,20.89427519638369,0.3558738961920389,g-ZTF,P48,,0.0
58628.19265050022,20.60765802141916,0.2638965166123106,g-ZTF,P48,,0.0
58633.20075230021,20.446696802632047,0.3601066195841427,r-ZTF,P48,,0.0
58634.25732639991,20.619751057305123,0.2821877803315189,r-ZTF,P48,,0.0
58635.19334489992,20.22109249354732,0.1714156786883239,g-ZTF,P48,,0.0
58636.2487269002,19.949690842872183,0.1639071458014521,g-ZTF,P48,,0.0
58637.19315969991,20.58119748087397,0.2803368325585706,r-ZTF,P48,,0.0
58638.22770830011,20.42980827025002,0.2771341157002138,r-ZTF,P48,,0.0
58639.22916670004,20.73727390787193,0.2924969603534367,g-ZTF,P48,,0.0
58642.19833330018,20.71420432899757,0.3219017959737005,g-ZTF,P48,,0.0
58834.52370369993,19.047922159006824,0.2018384167597224,r-ZTF,P48,,0.0
58846.54618059984,20.072133548216947,0.1748146802853245,g-ZTF,P48,,0.0
58849.50318290014,20.92723810939635,0.3580127618205685,g-ZTF,P48,,0.0
58855.54229169991,17.288449065229862,0.0174053967061427,r-ZTF,P48,,0.0
58859.481250000186,14.71499629896666,0.0033550465331748,r-ZTF,P48,,0.0
58859.5222800998,14.87019357264979,0.0033818576312935,g-ZTF,P48,,0.0
58867.44033560017,14.343451160234263,0.0022789450511897,g-ZTF,P48,,0.0
58867.48156249989,13.83892235166358,0.0018835924829485,r-ZTF,P48,,0.0
58871.4426851999,15.071066315266147,0.0034613503163736,g-ZTF,P48,,0.0
58871.50223380001,14.191053253892113,0.0022239597666826,r-ZTF,P48,,0.0
58875.456990700215,15.72833672110376,0.0050659420528844,g-ZTF,P48,,0.0
58875.52107639983,14.709613264135054,0.0032069865107486,r-ZTF,P48,,0.0
58878.36050930014,15.127454587855324,0.0048609698557139,r-ZTF,P48,,0.0
58878.48655090016,16.09535624315661,0.0067733242922349,g-ZTF,P48,,0.0
58881.461458299775,16.318094552120762,0.00675435421411,g-ZTF,P48,,0.0
58881.53865739983,15.344053666346376,0.0043357004329053,r-ZTF,P48,,0.0
58884.44230319979,16.548217067588826,0.0103977174601463,g-ZTF,P48,,0.0
58884.51623839978,15.672154647079314,0.0064858324827775,r-ZTF,P48,,0.0
58887.425775500014,16.58228753870697,0.0129469493116441,g-ZTF,P48,,0.0
58887.51591440011,15.788434694541191,0.0069961665598908,r-ZTF,P48,,0.0
58892.31688660011,16.09699628803144,0.0100013204231541,r-ZTF,P48,,0.0
58892.380914399866,16.753236486516276,0.0120027160355555,g-ZTF,P48,,0.0
58895.38407409983,16.81458823045191,0.0098987875012593,g-ZTF,P48,,0.0
58895.44245370012,16.172818112265567,0.007437341640572,r-ZTF,P48,,0.0
58898.37387729995,16.229645664707938,0.0066880019167579,r-ZTF,P48,,0.0
58898.41949070012,16.892824498344986,0.0098903509469927,g-ZTF,P48,,0.0
58899.40011569997,16.916231733621238,0.0107593736270525,g-ZTF,P48,,0.0
58899.44100689981,16.33808932366919,0.0078700702589536,r-ZTF,P48,,0.0
58900.43752310006,16.3694201473318,0.0082109621264,r-ZTF,P48,,0.0
58901.41890050005,16.408051149230786,0.0084592175084419,r-ZTF,P48,,0.0
58903.35686339997,16.950781972295562,0.0117551590968748,g-ZTF,P48,,0.0
58904.45880790008,17.014816029312726,0.0121866623389587,g-ZTF,P48,,0.0
58904.47055559978,16.539478560687684,0.0115626368774915,r-ZTF,P48,,0.0
58905.30739580002,17.02379365925208,0.0153041984177836,g-ZTF,P48,,0.0
58906.33383100014,16.97389139321698,0.0126407991167563,g-ZTF,P48,,0.0
58906.44592589978,16.58225805719939,0.0120385940535305,r-ZTF,P48,,0.0
58908.3409258998,17.025673023139177,0.0130235362344415,g-ZTF,P48,,0.0
58908.44965279987,16.58637721342867,0.0102228380769565,r-ZTF,P48,,0.0
58911.399386600126,17.202993797885235,0.0142475772231581,g-ZTF,P48,,0.0
58911.4463657001,16.74926169534458,0.0141659605010221,r-ZTF,P48,,0.0
58912.44668979989,16.783147486118654,0.0108730048412262,r-ZTF,P48,,0.0
58913.33089119988,17.094247099593296,0.0145825333483625,g-ZTF,P48,,0.0
58913.44533560006,16.74474122442284,0.0133522848338134,r-ZTF,P48,,0.0
58914.37787039997,16.858752113024195,0.0162815779594475,r-ZTF,P48,,0.0
58914.42474539997,17.23548894562879,0.0184636107509687,g-ZTF,P48,,0.0
58915.40365740005,16.820895767699398,0.0194921964028502,r-ZTF,P48,,0.0
58915.44446759997,17.179160177312706,0.0201158673650233,g-ZTF,P48,,0.0
58936.28976849979,17.68356159088522,0.0190770706784396,g-ZTF,P48,,0.0
58936.41288190009,17.531225123004887,0.0204713228438258,r-ZTF,P48,,0.0
58939.33768519992,17.821831251475885,0.0301762095355613,g-ZTF,P48,,0.0
58939.35991899995,17.90413512111683,0.0974892466736486,r-ZTF,P48,,0.0
58940.39398150006,17.795392181766374,0.0267236682066353,g-ZTF,P48,,0.0
58941.45662039984,17.856603243811612,0.0368138810043333,g-ZTF,P48,,0.0
58954.25879629981,18.116820982751456,0.0319841411295146,r-ZTF,P48,,0.0
58954.29806709988,18.29670551519873,0.0328514117826358,g-ZTF,P48,,0.0
58955.26775459992,18.10217375036236,0.0329819629965687,r-ZTF,P48,,0.0
58955.28119210014,18.536552709404805,0.0590135433890773,r-ZTF,P48,,0.0
58955.30016200012,18.31033106547284,0.034261220105812,g-ZTF,P48,,0.0
58962.23297449993,18.427841478564314,0.0344737942127958,g-ZTF,P48,,0.0
58962.28031249996,18.502272742501727,0.0471046920424971,r-ZTF,P48,,0.0
58963.311747699976,18.610976338227225,0.0454925417563194,g-ZTF,P48,,0.0
58964.26945600007,18.38891095259636,0.0385705995174394,r-ZTF,P48,,0.0
58965.23229169985,18.46556656644035,0.0344429695914245,g-ZTF,P48,,0.0
58965.28668980021,18.466177376918026,0.0431022804066084,r-ZTF,P48,,0.0
58967.22704860009,18.5930249406888,0.0469431449692587,g-ZTF,P48,,0.0
58968.20083330013,18.449913619335145,0.0422665181012714,r-ZTF,P48,,0.0
58968.29807869997,18.811447233904698,0.0536083727483507,g-ZTF,P48,,0.0
58971.2125116,18.696536200751805,0.0655557597801424,r-ZTF,P48,,0.0
58971.2760648001,18.656500983042623,0.0620357280944108,g-ZTF,P48,,0.0
58974.208449100144,18.84698242282386,0.1029938016014098,g-ZTF,P48,,0.0
58974.25291670021,19.72847295003708,0.3023288711140866,r-ZTF,P48,,0.0
58977.17230319977,19.88381194850544,0.3274422661298625,g-ZTF,P48,,0.0
58978.28821759997,19.876046242331288,0.2421505072767701,r-ZTF,P48,,0.0
58980.19048610004,19.270137014692,0.064972092398202,g-ZTF,P48,,0.0
58980.25306709996,19.5196380659,0.1116367383219752,r-ZTF,P48,,0.0
58986.22410879983,19.557000714583364,0.1003744567159172,g-ZTF,P48,,0.0
58991.16920140013,19.445323193216566,0.0930599708837204,g-ZTF,P48,,0.0
58994.20835650014,19.680338695067707,0.1363057588138544,r-ZTF,P48,,0.0
58994.23207180016,19.89586925765123,0.1207214476678566,g-ZTF,P48,,0.0
58997.20399310021,19.61938081637309,0.1135159144586502,g-ZTF,P48,,0.0
59014.201747700106,20.711824629903,0.2747732439483541,g-ZTF,P48,,0.0
59014.22906249994,20.405238510871275,0.2780243323966574,r-ZTF,P48,,0.0
59017.236192100216,20.66326943895997,0.3207504048802287,r-ZTF,P48,,0.0
59020.19872689992,20.392554255856,0.2194003914151004,g-ZTF,P48,,0.0
59020.23732639989,20.33076218966653,0.2770833984647574,r-ZTF,P48,,0.0
59023.21534720017,20.6297081434918,0.3128335264561259,g-ZTF,P48,,0.0
59026.21770829987,19.4953082913699,0.1824950903040731,g-ZTF,P48,,0.0
59173.489756899886,20.63690200662981,0.342340679866889,g-ZTF,P48,,0.0
59175.50261570001,19.080532917066243,0.3292381154376267,r-ZTF,P48,,0.0
59177.528229199816,19.93392635329927,0.1689426815543095,g-ZTF,P48,,0.0
59186.52414349979,19.282757410955256,0.2270087848446699,g-ZTF,P48,,0.0
59193.46464119991,20.496436637761125,0.2963975986941016,g-ZTF,P48,,0.0
59193.535138899926,20.234327154333965,0.271212260627799,r-ZTF,P48,,0.0
59203.497233800124,20.21576811268368,0.3405905540175875,r-ZTF,P48,,0.0
59203.52711809985,19.81330676164701,0.1647046743335511,g-ZTF,P48,,0.0
59217.40958329989,19.91325702956576,0.2776066448109792,r-ZTF,P48,,0.0
59217.44040510012,19.93212992486073,0.233586060464708,g-ZTF,P48,,0.0
59221.48276619986,19.92359057602208,0.1791909780498238,g-ZTF,P48,,0.0
59225.506736100186,19.309458227480604,0.303365238265821,r-ZTF,P48,,0.0
59250.35765049979,20.574956216943043,0.3613415687288742,g-ZTF,P48,,0.0
59252.33190969983,20.54256655440521,0.2946683496828113,r-ZTF,P48,,0.0
59252.48767360021,20.57551041065867,0.2510833875172102,g-ZTF,P48,,0.0
59275.383761600126,19.880255260643985,0.2161686269371794,r-ZTF,P48,,0.0
58856.38784,16.002,0.047,u,Siding Spring 1m,,0.0
58857.32094,16.234,0.066,u,Siding Spring 1m,,0.0
58858.30053,16.067,0.057,u,Siding Spring 1m,,0.0
58859.04927,15.734,0.031,u,Siding Spring 1m,,0.0
58860.04662,15.295,0.025,u,Siding Spring 1m,,0.0
58861.04642,14.855,0.025,u,Siding Spring 1m,,0.0
58864.75224,14.836,0.021,u,Siding Spring 1m,,0.0
58866.30233,15.155,0.03,u,Siding Spring 1m,,0.0
58867.29953,15.619,0.033,u,Siding Spring 1m,,0.0
58868.27114,15.929,0.069,u,Siding Spring 1m,,0.0
58869.26863,16.181,0.067,u,Siding Spring 1m,,0.0
58870.26559,16.562,0.096,u,Siding Spring 1m,,0.0
58871.26324,16.797,0.172,u,Siding Spring 1m,,0.0
58872.28594,17.131,0.065,u,Siding Spring 1m,,0.0
58873.08671,17.371,0.054,u,Siding Spring 1m,,0.0
58874.28098,17.496,0.078,u,Siding Spring 1m,,0.0
58875.25269,17.672,0.064,u,Siding Spring 1m,,0.0
58876.32874,17.647,0.61,u,Siding Spring 1m,,0.0
58878.33872,17.78,0.191,u,Siding Spring 1m,,0.0
58881.99275,17.732,0.094,u,Siding Spring 1m,,0.0
58884.36817,17.955,0.158,u,Siding Spring 1m,,0.0
58856.46,15.124,0.059,UVW2,Swift,,1.0
58856.79,15.093,0.057,UVW2,Swift,,1.0
58857.45,15.343,0.059,UVW2,Swift,,1.0
58858.85,15.122,0.058,UVW2,Swift,,1.0
58859.49,15.098,0.064,UVW2,Swift,,1.0
58860.38,15.131,0.059,UVW2,Swift,,1.0
58861.25,14.998,0.059,UVW2,Swift,,1.0
58877.19,15.097,0.064,UVW2,Swift,,1.0
58887.68,15.145,0.06,UVW2,Swift,,1.0
58898.57,15.185,0.061,UVW2,Swift,,1.0
58907.25,15.181,0.059,UVW2,Swift,,1.0
58856.46,14.983,0.052,UVM2,Swift,,1.0
58857.46,15.09,0.052,UVM2,Swift,,1.0
58858.86,14.983,0.053,UVM2,Swift,,1.0
58860.38,15.038,0.054,UVM2,Swift,,1.0
58861.25,14.973,0.054,UVM2,Swift,,1.0
58877.19,14.964,0.059,UVM2,Swift,,1.0
58887.68,15.022,0.055,UVM2,Swift,,1.0
58898.57,15.15,0.056,UVM2,Swift,,1.0
58907.25,14.994,0.054,UVM2,Swift,,1.0
58856.45,14.938,0.055,UVW1,Swift,,1.0
58856.79,14.893,0.051,UVW1,Swift,,1.0
58857.45,15.076,0.056,UVW1,Swift,,1.0
58858.84,14.888,0.053,UVW1,Swift,,1.0
58859.48,14.894,0.05,UVW1,Swift,,1.0
58859.81,14.848,0.05,UVW1,Swift,,1.0
58859.97,14.841,0.051,UVW1,Swift,,1.0
58860.38,14.882,0.055,UVW1,Swift,,1.0
58861.24,14.66,0.054,UVW1,Swift,,1.0
58877.19,14.919,0.062,UVW1,Swift,,1.0
58887.68,15.129,0.057,UVW1,Swift,,1.0
58898.57,15.054,0.057,UVW1,Swift,,1.0
58907.25,15.071,0.056,UVW1,Swift,,1.0
58856.45,14.626,0.051,U,Swift,,1.0
58856.79,14.63,0.048,U,Swift,,1.0
58857.45,14.763,0.052,U,Swift,,1.0
58858.85,14.594,0.051,U,Swift,,1.0
58859.49,14.474,0.046,U,Swift,,1.0
58860.38,14.236,0.052,U,Swift,,1.0
58861.25,13.983,0.051,U,Swift,,1.0
58877.19,14.937,0.068,U,Swift,,1.0
58887.68,15.091,0.096,U,Swift,,1.0
58887.69,14.947,0.057,U,Swift,,1.0
58898.56,15.309,0.106,U,Swift,,1.0
58898.57,14.958,0.058,U,Swift,,1.0
58907.25,15.122,0.09,U,Swift,,1.0
58907.26,14.994,0.055,U,Swift,,1.0
58856.45,15.285,0.048,B,Swift,,1.0
58856.79,15.343,0.045,B,Swift,,1.0
58857.45,15.324,0.049,B,Swift,,1.0
58858.85,15.054,0.048,B,Swift,,1.0
58859.49,14.978,0.042,B,Swift,,1.0
58860.38,14.783,0.05,B,Swift,,1.0
58861.25,14.528,0.048,B,Swift,,1.0
58887.69,15.231,0.092,B,Swift,,1.0
58898.57,15.239,0.063,B,Swift,,1.0
58907.26,15.288,0.052,B,Swift,,1.0
58856.46,14.566,0.045,V,Swift,,1.0
58856.8,14.568,0.04,V,Swift,,1.0
58857.45,14.454,0.044,V,Swift,,1.0
58858.85,14.25,0.042,V,Swift,,1.0
58860.38,13.984,0.045,V,Swift,,1.0
58861.25,13.8,0.043,V,Swift,,1.0
58877.19,14.244,0.054,V,Swift,,1.0
58887.68,14.372,0.047,V,Swift,,1.0
58898.57,14.451,0.049,V,Swift,,1.0
58907.25,14.496,0.046,V,Swift,,1.0
