MJD,MAG,MAGERR,FLT,TELESCOPE,INSTRUMENT,ULIM,FLUXCAL,FLUXCALERR,MAGSYS,SHIFTMAG,flux_zero_point,photometry,flux_err,flux,diffim
58857.3,16.104434770529444,0.4054451331962066,B,Synthetic,Synthetic,0.0,,,,,,,,,
58864.6,14.747752554105396,0.37117939188618815,B,Synthetic,Synthetic,0.0,,,,,,,,,
58868.6,15.072400259562016,0.37920086896859667,B,Synthetic,Synthetic,0.0,,,,,,,,,
58870.5,15.467468621804912,0.38905234008369066,B,Synthetic,Synthetic,0.0,,,,,,,,,
58872.4,15.586457118443374,0.39201328803334684,B,Synthetic,Synthetic,0.0,,,,,,,,,
58875.0,15.659286387816179,0.3938268025872258,B,Synthetic,Synthetic,0.0,,,,,,,,,
58876.7,16.54624473269726,0.4159976151421518,B,Synthetic,Synthetic,0.0,,,,,,,,,
58880.3,16.54763331833003,0.41603976804242604,B,Synthetic,Synthetic,0.0,,,,,,,,,
58880.4,15.798427514612463,0.3973132058679319,B,Synthetic,Synthetic,0.0,,,,,,,,,
58892.0,18.039180795245137,0.45333795192809523,B,Synthetic,Synthetic,0.0,,,,,,,,,
58895.0,17.418571022540874,0.4378193021255962,B,Synthetic,Synthetic,0.0,,,,,,,,,
58995.6,17.2283780531656,0.45185328563567984,B,Synthetic,Synthetic,0.0,,,,,,,,,
58870.31992,15.323856082010936,0.007002856560004538,B,Swope,,0.0,,,,,,,,,
58903.28684999999,17.335810719126577,0.01600124995117569,B,Swope,,0.0,,,,,,,,,
58869.35282000001,15.169563423363256,0.005003998401278721,B,Swope,,0.0,,,,,,,,,
58909.37156,17.557341994484798,0.011001818031580053,B,Swope,,0.0,,,,,,,,,
58908.32532,17.490316762833377,0.011001818031580053,B,Swope,,0.0,,,,,,,,,
58911.21479000001,17.563401755593272,0.01600124995117569,B,Swope,,0.0,,,,,,,,,
58876.37175000001,16.378406920806857,0.005003998401278721,B,Swope,,0.0,,,,,,,,,
58893.30286,17.342641449023798,0.011001818031580053,B,Swope,,0.0,,,,,,,,,
58906.29516,17.50810741707873,0.008002499609497022,B,Swope,,0.0,,,,,,,,,
58906.29432000001,17.521497364293356,0.017001176429882726,B,Swope,,0.0,,,,,,,,,
58871.35908999999,15.576142994175965,0.006003332407921454,B,Swope,,0.0,,,,,,,,,
58910.26117000003,17.471296762999945,0.01600124995117569,B,Swope,,0.0,,,,,,,,,
58912.28456999999,17.57785369573349,0.01600124995117569,B,Swope,,0.0,,,,,,,,,
58884.37588999999,16.98254455669093,0.008002499609497022,B,Swope,,0.0,,,,,,,,,
58885.36832999999,17.06280381156975,0.009002221947941518,B,Swope,,0.0,,,,,,,,,
58908.32294,17.467584007784115,0.017001176429882726,B,Swope,,0.0,,,,,,,,,
58875.38179000001,16.265361240612947,0.014001428498549712,B,Swope,,0.0,,,,,,,,,
58872.35992,15.739603902968849,0.004004996878900157,B,Swope,,0.0,,,,,,,,,
58905.30594,17.47295510218294,0.008002499609497022,B,Swope,,0.0,,,,,,,,,
58904.33742,17.488479727296866,0.014001428498549712,B,Swope,,0.0,,,,,,,,,
58907.37604,17.463192120442407,0.01600124995117569,B,Swope,,0.0,,,,,,,,,
58882.33179000001,16.94433539174598,0.006003332407921454,B,Swope,,0.0,,,,,,,,,
58883.38041000003,16.995063074122545,0.008002499609497022,B,Swope,,0.0,,,,,,,,,
58883.00615950232,17.9868372401052,1.0860000184162062,B,Sinistro,,0.0,,,,,27.5,UCSC - Siding Spring 1m,5872.186279410799,5872.186279410799,False
58879.07363840278,16.377395634586,1.0860000184162062,B,Sinistro,,0.0,,,,,27.5,UCSC - Siding Spring 1m,25856.9006155464,25856.9006155464,False
58878.058871805566,16.696114124596,1.0860000184162062,B,Sinistro,,0.0,,,,,27.5,UCSC - Siding Spring 1m,19279.2027295123,19279.2027295123,False
58873.08990239582,18.5324103956458,1.0860000184162062,B,Sinistro,,0.0,,,,,27.5,UCSC - Siding Spring 1m,3552.79837676858,3552.79837676858,False
58869.35282000001,15.0210368,0.012257389607905893,B,Direct/4Kx4K,,0.0,,,,,27.5,UCSC - Swope,1017.7982810969,90188.5422801009,False
58894.32212,16.8981368,0.0542167538681541,B,Direct/4Kx4K,,0.0,,,,,27.5,UCSC - Swope,799.188326199951,16008.4174298515,False
58897.32598,16.7834368,0.01216591451556353,B,Direct/4Kx4K,,0.0,,,,,27.5,UCSC - Swope,199.233199314784,17787.113089821898,False
58921.2622,17.2409368,0.09455199627718072,B,Direct/4Kx4K,,0.0,,,,,27.5,UCSC - Swope,1016.34538337955,11673.5087468964,False
58923.28922000001,17.1481368,0.02281640990603039,B,Direct/4Kx4K,,0.0,,,,,27.5,UCSC - Swope,267.207853016883,12718.8667569588,False
58954.155393402776,18.7552779574353,1.0860000184162062,B,Direct/2Kx2K,,0.0,,,,,27.5,UCSC - Nickel,2893.50033530055,2893.50033530055,False
58880.43696956018,18.7377831977953,1.0860000184162062,B,Direct/2Kx2K,,0.0,,,,,27.5,UCSC - Nickel,2940.50174105732,2940.50174105732,False
58963.19397152778,18.2628160898302,1.0860000184162062,B,Direct/2Kx2K,,0.0,,,,,27.5,UCSC - Nickel,4554.159995564621,4554.159995564621,False
58895.43348865741,19.0400489307669,1.0860000184162062,B,Direct/2Kx2K,,0.0,,,,,27.5,UCSC - Nickel,2225.9486819751,2225.9486819751,False
58856.45,16.3718368,0.2030000985221436,B,Swift,,0.0,,,,,,,,,
58856.79,16.4978368,0.22800008771928137,B,Swift,,0.0,,,,,,,,,
58857.45,16.4508368,0.21300009389669292,B,Swift,,0.0,,,,,,,,,
58858.85,15.7318368,0.14300013986007146,B,Swift,,0.0,,,,,,,,,
58859.49,15.595836799999999,0.15100013245027302,B,Swift,,0.0,,,,,,,,,
58860.38,15.2068368,0.11300017699101184,B,Swift,,0.0,,,,,,,,,
58861.25,14.7828368,0.0990002020199959,B,Swift,,0.0,,,,,,,,,
58887.69,15.9758368,0.23500008510636755,B,Swift,,0.0,,,,,,,,,
58898.57,16.1938368,0.20200009900987675,B,Swift,,0.0,,,,,,,,,
58907.26,16.2438368,0.18800010638294862,B,Swift,,0.0,,,,,,,,,
58873.248,14.5296968,0.200000099999975,G,Gaia,Gaia-Photometric,0.0,147231.25,27120.999,None,17.58,,,,,
58856.45,16.564311200000002,0.18200010989007673,U,Swift,,0.0,,,,,,,,,
58856.79,16.5693112,0.19800010101007526,U,Swift,,0.0,,,,,,,,,
58857.45,16.961311200000008,0.2290000873362279,U,Swift,,0.0,,,,,,,,,
58858.85,16.4703112,0.1730001156068978,U,Swift,,0.0,,,,,,,,,
58859.49,16.1943112,0.17500011428567697,U,Swift,,0.0,,,,,,,,,
58860.38,15.775311199999999,0.12400016129021768,U,Swift,,0.0,,,,,,,,,
58861.25,15.3583112,0.10900018348608409,U,Swift,,0.0,,,,,,,,,
58877.19,17.532311200000002,2.980000006711409,U,Swift,,1.0,,,,,,,,,
58887.68,17.4053112,0.9300000215053762,U,Swift,,1.0,,,,,,,,,
58887.69,17.654311200000002,2.800000007142857,U,Swift,,1.0,,,,,,,,,
58898.56,17.523311200000002,1.2000000166666664,U,Swift,,1.0,,,,,,,,,
58898.57,17.7053112,2.1000000095238094,U,Swift,,1.0,,,,,,,,,
58907.25,17.518311199999996,0.4200000476190449,U,Swift,,1.0,,,,,,,,,
58907.26,17.681311200000003,2.5600000078125,U,Swift,,1.0,,,,,,,,,
58856.46,17.898571,0.7200000277777772,UVM2,Swift,,1.0,,,,,,,,,
58857.46,18.032570999999997,0.3700000540540501,UVM2,Swift,,1.0,,,,,,,,,
58858.86,17.958571,0.9200000217391302,UVM2,Swift,,1.0,,,,,,,,,
58860.38,18.145571,0.08000024999960938,UVM2,Swift,,1.0,,,,,,,,,
58861.25,18.024570999999998,1.2600000158730158,UVM2,Swift,,1.0,,,,,,,,,
58877.19,18.191571,0.8800000227272724,UVM2,Swift,,1.0,,,,,,,,,
58887.68,18.165571,0.200000099999975,UVM2,Swift,,1.0,,,,,,,,,
58898.57,18.335570999999998,1.7100000116959064,UVM2,Swift,,1.0,,,,,,,,,
58907.25,18.112571,0.39000005128204795,UVM2,Swift,,1.0,,,,,,,,,
58856.45,18.7729936,0.7070000282885426,UVW1,Swift,,0.0,,,,,,,,,
58856.79,18.3629936,0.6150000325203243,UVW1,Swift,,0.0,,,,,,,,,
58857.45,18.1859936,0.200000099999975,UVW1,Swift,,1.0,,,,,,,,,
58858.84,18.3319936,0.5310000376647821,UVW1,Swift,,0.0,,,,,,,,,
58859.48,18.3959936,0.6800000294117641,UVW1,Swift,,0.0,,,,,,,,,
58859.81,18.2319936,0.6270000318979259,UVW1,Swift,,0.0,,,,,,,,,
58859.97,18.0259936,0.45300004415010825,UVW1,Swift,,0.0,,,,,,,,,
58860.38,18.4909936,0.5630000355239775,UVW1,Swift,,0.0,,,,,,,,,
58861.24,17.3339936,0.2490000803212722,UVW1,Swift,,0.0,,,,,,,,,
58877.19,19.1109936,0.9300000215053762,UVW1,Swift,,0.0,,,,,,,,,
58887.68,18.250993599999997,1.01000001980198,UVW1,Swift,,1.0,,,,,,,,,
58898.57,18.186993599999997,0.06000033333240741,UVW1,Swift,,1.0,,,,,,,,,
58907.25,18.2129936,0.6200000322580637,UVW1,Swift,,1.0,,,,,,,,,
58856.46,18.1003535,0.5700000350877181,UVW2,Swift,,1.0,,,,,,,,,
58856.79,17.8283535,0.6000000333333324,UVW2,Swift,,1.0,,,,,,,,,
58857.45,18.3873535,2.210000009049774,UVW2,Swift,,1.0,,,,,,,,,
58858.85,18.0123535,0.6800000294117641,UVW2,Swift,,1.0,,,,,,,,,
58859.49,18.2653535,0.7800000256410252,UVW2,Swift,,1.0,,,,,,,,,
58860.38,18.1753535,0.3800000526315753,UVW2,Swift,,1.0,,,,,,,,,
58861.25,18.0013535,1.7500000114285714,UVW2,Swift,,1.0,,,,,,,,,
58877.19,18.2763535,0.6800000294117641,UVW2,Swift,,1.0,,,,,,,,,
58887.68,18.2513535,0.07000028571370263,UVW2,Swift,,1.0,,,,,,,,,
58898.57,18.3393535,0.8500000235294114,UVW2,Swift,,1.0,,,,,,,,,
58907.25,18.2253535,0.15000013333327408,UVW2,Swift,,1.0,,,,,,,,,
58857.3,15.625898070529443,0.39453514869391954,V,Synthetic,Synthetic,0.0,,,,,,,,,
58864.6,13.904150954105395,0.34988685487121657,V,Synthetic,Synthetic,0.0,,,,,,,,,
58868.6,14.113145759562016,0.3548730178775375,V,Synthetic,Synthetic,0.0,,,,,,,,,
58870.5,14.352550121804912,0.3608024614558986,V,Synthetic,Synthetic,0.0,,,,,,,,,
58872.4,14.637963618443376,0.3679082236877893,V,Synthetic,Synthetic,0.0,,,,,,,,,
58875.0,14.96449488781618,0.3760643082370071,V,Synthetic,Synthetic,0.0,,,,,,,,,
58876.7,15.30367123269726,0.3845498627983746,V,Synthetic,Synthetic,0.0,,,,,,,,,
58879.4,15.20296388110785,0.382060810555743,V,Synthetic,Synthetic,0.0,,,,,,,,,
58880.3,15.642370818330027,0.39304711981426005,V,Synthetic,Synthetic,0.0,,,,,,,,,
58880.4,15.429669014612463,0.38773437356480345,V,Synthetic,Synthetic,0.0,,,,,,,,,
58892.0,16.65109029524514,0.4183034009561881,V,Synthetic,Synthetic,0.0,,,,,,,,,
58895.0,16.450589522540874,0.4133084309790867,V,Synthetic,Synthetic,0.0,,,,,,,,,
58995.6,16.653949553165603,0.852614009977371,V,Synthetic,Synthetic,0.0,,,,,,,,,
58910.25847000003,16.786731671752687,0.011001818031580053,V,Swope,,0.0,,,,,,,,,
58869.35182,14.130821758562508,0.0030066592756745818,V,Swope,,0.0,,,,,,,,,
58905.30180999999,16.737727533554928,0.006003332407921454,V,Swope,,0.0,,,,,,,,,
58896.30244,16.414149637564798,0.014001428498549712,V,Swope,,0.0,,,,,,,,,
58903.2847,16.59921731484435,0.013001538370516005,V,Swope,,0.0,,,,,,,,,
58872.358620000006,14.62999543680617,0.002009975124224178,V,Swope,,0.0,,,,,,,,,
58894.32052999999,16.5024080561005,0.009002221947941518,V,Swope,,0.0,,,,,,,,,
58911.21199000001,16.793388570324936,0.01000199980003999,V,Swope,,0.0,,,,,,,,,
58904.33528999999,16.73612857794631,0.01000199980003999,V,Swope,,0.0,,,,,,,,,
58906.29036999999,16.7639775582251,0.006003332407921454,V,Swope,,0.0,,,,,,,,,
58908.31992999999,16.719826222449868,0.01000199980003999,V,Swope,,0.0,,,,,,,,,
58895.29795000001,16.44532859783936,0.01000199980003999,V,Swope,,0.0,,,,,,,,,
58912.28180999999,16.91534842541319,0.011001818031580053,V,Swope,,0.0,,,,,,,,,
58871.35719000001,14.45633194171855,0.0030066592756745818,V,Swope,,0.0,,,,,,,,,
58908.31859000001,16.740161123884935,0.015001333274079341,V,Swope,,0.0,,,,,,,,,
58876.37044999999,15.247994654103328,0.004004996878900157,V,Swope,,0.0,,,,,,,,,
58884.37432,15.959585723331285,0.008002499609497022,V,Swope,,0.0,,,,,,,,,
58885.36622999997,16.05996140947164,0.009002221947941518,V,Swope,,0.0,,,,,,,,,
58870.31922000001,14.227983704338762,0.005003998401278721,V,Swope,,0.0,,,,,,,,,
58875.38076,15.020848671386604,0.006003332407921454,V,Swope,,0.0,,,,,,,,,
58909.36900000001,16.838781414764153,0.009002221947941518,V,Swope,,0.0,,,,,,,,,
58907.37340999999,16.720793070028293,0.01000199980003999,V,Swope,,0.0,,,,,,,,,
58882.33001000003,15.896330970673095,0.005003998401278721,V,Swope,,0.0,,,,,,,,,
58883.37883000001,16.006441112052343,0.006003332407921454,V,Swope,,0.0,,,,,,,,,
58893.3013,16.45427486193167,0.009002221947941518,V,Swope,,0.0,,,,,,,,,
58883.11695989584,15.5946503,0.01610012472001384,V,Sinistro,,0.0,,,,,27.5,UCSC - Siding Spring 1m,804.6924149646402,54283.020302804005,False
58880.11724700232,17.190312888199507,1.0860000184162062,V,Sinistro,,0.0,,,,,27.5,UCSC - Siding Spring 1m,12489.2099022701,12489.2099022701,False
58879.07545939816,15.9541964643446,1.0860000184162062,V,Sinistro,,0.0,,,,,27.5,UCSC - Siding Spring 1m,38992.5407111927,38992.5407111927,False
58878.060043194426,16.088966005460403,1.0860000184162062,V,Sinistro,,0.0,,,,,27.5,UCSC - Siding Spring 1m,34440.8386213219,34440.8386213219,False
58873.09271359952,17.8599180398418,1.0860000184162062,V,Sinistro,,0.0,,,,,27.5,UCSC - Siding Spring 1m,6740.512277273149,6740.512277273149,False
58871.31491950232,14.2202503,0.010507225894592707,V,Sinistro,,0.0,,,,,27.5,UCSC - Siding Spring 1m,1862.07437614225,192494.120645282,False
58869.35681829861,13.9742503,0.010574751486441665,V,Sinistro,,0.0,,,,,27.5,UCSC - Siding Spring 1m,2350.94387404288,241479.130756455,False
58870.31922000001,14.1623503,0.014175418865063554,V,Direct/4Kx4K,,0.0,,,,,27.5,UCSC - Swope,2649.744289005,203021.0733476489,False
58897.32403,16.1349503,0.1121131168106574,V,Direct/4Kx4K,,0.0,,,,,27.5,UCSC - Swope,3407.21265716433,33004.513108407795,False
58921.25843,16.8370503,0.03576028836572769,V,Direct/4Kx4K,,0.0,,,,,27.5,UCSC - Swope,569.234521303423,17287.286733138302,False
58923.28696000001,16.676650300000002,0.014672423112764935,V,Direct/4Kx4K,,0.0,,,,,27.5,UCSC - Swope,270.709396535216,20038.797856308,False
58880.43911157407,18.0945568080092,1.0860000184162062,V,Direct/2Kx2K,,0.0,,,,,27.5,UCSC - Nickel,5430.469724502729,5430.469724502729,False
58963.20010729168,17.9239146923057,1.0860000184162062,V,Direct/2Kx2K,,0.0,,,,,27.5,UCSC - Nickel,6354.688153431071,6354.688153431071,False
58904.34589733796,18.4106086944535,1.0860000184162062,V,Direct/2Kx2K,,0.0,,,,,27.5,UCSC - Nickel,4058.977484161581,4058.977484161581,False
58900.3797601852,18.514062331929303,1.0860000184162062,V,Direct/2Kx2K,,0.0,,,,,27.5,UCSC - Nickel,3690.07494931959,3690.07494931959,False
58899.32207974537,18.870842494534102,1.0860000184162062,V,Direct/2Kx2K,,0.0,,,,,27.5,UCSC - Nickel,2656.5813667864,2656.5813667864,False
58895.42540266204,19.0055516776644,1.0860000184162062,V,Direct/2Kx2K,,0.0,,,,,27.5,UCSC - Nickel,2346.6020672745103,2346.6020672745103,False
58895.43563009259,18.7598011472016,1.0860000184162062,V,Direct/2Kx2K,,0.0,,,,,27.5,UCSC - Nickel,2942.65712203152,2942.65712203152,False
58856.46,16.0536503,0.24500008163263945,V,Swift,,0.0,,,,,,,,,
58856.8,16.1426503,0.2630000760456164,V,Swift,,0.0,,,,,,,,,
58857.45,15.7126503,0.1950001025640756,V,Swift,,0.0,,,,,,,,,
58858.85,15.153650299999999,0.14200014084500057,V,Swift,,0.0,,,,,,,,,
58860.38,14.5916503,0.11000018181803155,V,Swift,,0.0,,,,,,,,,
58861.25,14.2606503,0.09700020618534788,V,Swift,,0.0,,,,,,,,,
58877.19,15.1386503,0.15200013157889042,V,Swift,,0.0,,,,,,,,,
58887.68,15.503650299999999,0.17400011494249076,V,Swift,,0.0,,,,,,,,,
58898.57,15.7346503,0.2040000980391921,V,Swift,,0.0,,,,,,,,,
58907.25,15.8676503,0.21700009216587904,V,Swift,,0.0,,,,,,,,,
58857.3,15.927668070529444,0.40023128047161427,g,Synthetic,Synthetic,0.0,,,,,,,,,
58864.6,14.491468854105396,0.3643272886641575,g,Synthetic,Synthetic,0.0,,,,,,,,,
58868.6,14.768845559562015,0.3712618205913368,g,Synthetic,Synthetic,0.0,,,,,,,,,
58870.5,15.092186921804911,0.3793453149325514,g,Synthetic,Synthetic,0.0,,,,,,,,,
58872.4,15.246739418443374,0.3832091263037787,g,Synthetic,Synthetic,0.0,,,,,,,,,
58875.0,15.41967768781618,0.3875325655434519,g,Synthetic,Synthetic,0.0,,,,,,,,,
58876.7,16.050493032697265,0.403302760624316,g,Synthetic,Synthetic,0.0,,,,,,,,,
58879.4,15.36682418110785,0.38621123481628866,g,Synthetic,Synthetic,0.0,,,,,,,,,
58880.3,16.259163618330028,0.40851943426271353,g,Synthetic,Synthetic,0.0,,,,,,,,,
58880.4,15.647732814612466,0.39323384594820454,g,Synthetic,Synthetic,0.0,,,,,,,,,
58892.0,17.45507909524514,0.43841652310908796,g,Synthetic,Synthetic,0.0,,,,,,,,,
58895.0,17.086733322540876,0.42920774098674747,g,Synthetic,Synthetic,0.0,,,,,,,,,
58995.6,17.000220353165602,0.42712856448273034,g,Synthetic,Synthetic,0.0,,,,,,,,,
58910.24767000001,17.06663492087199,0.013001538370516005,g,Swope,,0.0,,,,,,,,,
58869.34904999999,14.57229061684156,0.004004996878900157,g,Swope,,0.0,,,,,,,,,
58903.27424999999,16.90304066195226,0.013001538370516005,g,Swope,,0.0,,,,,,,,,
58906.27954,16.95820924330292,0.01000199980003999,g,Swope,,0.0,,,,,,,,,
58908.30726,16.96470619799234,0.015001333274079341,g,Swope,,0.0,,,,,,,,,
58908.30547000003,16.98876152476615,0.014001428498549712,g,Swope,,0.0,,,,,,,,,
58911.20107999999,17.068359669680394,0.014001428498549712,g,Swope,,0.0,,,,,,,,,
58904.32487999999,16.91465525786587,0.01000199980003999,g,Swope,,0.0,,,,,,,,,
58895.28748999999,16.762942023796437,0.009002221947941518,g,Swope,,0.0,,,,,,,,,
58909.35927000003,17.057014024176162,0.01000199980003999,g,Swope,,0.0,,,,,,,,,
58912.27131000001,17.07546950918094,0.014001428498549712,g,Swope,,0.0,,,,,,,,,
58905.29019000001,16.94930243366417,0.009002221947941518,g,Swope,,0.0,,,,,,,,,
58893.29096000001,16.72962552568516,0.01000199980003999,g,Swope,,0.0,,,,,,,,,
58883.37536999999,16.393426825465124,0.007002856560004538,g,Swope,,0.0,,,,,,,,,
58882.31979000001,16.314967378549394,0.007002856560004538,g,Swope,,0.0,,,,,,,,,
58885.35638,16.477579046494668,0.011001818031580053,g,Swope,,0.0,,,,,,,,,
58875.37718,15.577885869030805,0.008002499609497022,g,Swope,,0.0,,,,,,,,,
58871.35378,14.913233751631966,0.0030066592756745818,g,Swope,,0.0,,,,,,,,,
58876.36475000001,15.6972226678642,0.007002856560004538,g,Swope,,0.0,,,,,,,,,
58907.36338,16.975981791808064,0.011001818031580053,g,Swope,,0.0,,,,,,,,,
58884.37103000001,16.40740229674469,0.009002221947941518,g,Swope,,0.0,,,,,,,,,
58894.31054,16.739346383434704,0.009002221947941518,g,Swope,,0.0,,,,,,,,,
58872.35361000003,15.129063470398156,0.004004996878900157,g,Swope,,0.0,,,,,,,,,
58896.29248999999,16.779921445649546,0.021000952359357422,g,Swope,,0.0,,,,,,,,,
58859.522,14.8345751,0.028000714276603732,g,P48,ZTF-Cam,0.0,108021.216,2798.896,None,38.916,,,,,
58867.44,14.2185751,0.030000666659259424,g,P48,ZTF-Cam,0.0,190501.189,5330.986999999999,None,38.3,,,,,
58871.443,14.9485751,0.02400083331886624,g,P48,ZTF-Cam,0.0,97245.615,2162.206,None,39.03,,,,,
58875.457,15.594575099999998,0.025000799987200412,g,P48,ZTF-Cam,0.0,53651.825,1226.978,None,39.676,,,,,
58878.487,15.957575100000001,0.02400083331886624,g,P48,ZTF-Cam,0.0,38393.617,864.064,None,40.039,,,,,
58881.461,16.244575100000002,0.026000769219390412,g,P48,ZTF-Cam,0.0,29484.762,692.816,None,40.326,,,,,
58884.442,16.4095751,0.03300060605504087,g,P48,ZTF-Cam,0.0,25333.395,767.956,None,40.491,,,,,
58887.426,16.526575100000002,0.04300046511376359,g,P48,ZTF-Cam,0.0,22736.749,905.051,None,40.608,,,,,
58892.38099999999,16.6845751,0.035000571423906786,g,P48,ZTF-Cam,0.0,19663.185,642.631,None,40.766,,,,,
58895.38400000001,16.7345751,0.028000714276603732,g,P48,ZTF-Cam,0.0,18775.109,482.327,None,40.816,,,,,
58898.419,16.811575100000002,0.03600055555126892,g,P48,ZTF-Cam,0.0,17488.788,576.256,None,40.893,,,,,
58899.4,16.834575100000002,0.03700054053659216,g,P48,ZTF-Cam,0.0,17122.826,585.3240000000002,None,40.916,,,,,
58903.357,16.843575100000002,0.03600055555126892,g,P48,ZTF-Cam,0.0,16988.416,569.374,None,40.925,,,,,
58904.459,16.890575100000003,0.049000408161565354,g,P48,ZTF-Cam,0.0,16256.718,734.3969999999997,None,40.972,,,,,
58905.307,16.8805751,0.04300046511376359,g,P48,ZTF-Cam,0.0,16410.977,655.633,None,40.962,,,,,
58908.34099999999,16.953575100000002,0.049000408161565354,g,P48,ZTF-Cam,0.0,15340.781,695.2739999999999,None,41.035,,,,,
58911.39900000001,17.0835751,0.04400045454310671,g,P48,ZTF-Cam,0.0,13612.953,547.0790000000002,None,41.165,,,,,
58913.331,17.020575100000002,0.042000476187776734,g,P48,ZTF-Cam,0.0,14426.868,562.056,None,41.102,,,,,
58914.425,17.1625751,0.046000434780553975,g,P48,ZTF-Cam,0.0,12656.155,538.946,None,41.244,,,,,
58866.567,14.0115751,0.004004996878900157,g,Pan-STARRS1,GPC1,0.0,230664.392,965.107,None,35.093,,,,,
58869.572,14.4945751,0.005003998401278721,g,Pan-STARRS1,GPC1,0.0,147829.12300000002,700.895,None,35.576,,,,,
58862.53199073999,13.9775751,0.02265028300838645,g,Thacher,,0.0,,,,35.059,,,,,
58863.52743827,12.9622751,0.017443346606657695,g,Thacher,,0.0,,,,34.0437,,,,,
58864.3353626533,13.9104751,0.018118803859250753,g,Thacher,,0.0,,,,34.9919,,,,,
58865.4546103433,13.9664751,0.017609635778459472,g,Thacher,,0.0,,,,35.0479,,,,,
58866.3214544733,14.0191751,0.013732956427878158,g,Thacher,,0.0,,,,35.1006,,,,,
58867.3479089533,14.1195751,0.014822849329666682,g,Thacher,,0.0,,,,35.201,,,,,
58871.3340123433,14.817575099999999,0.01320951414700783,g,Thacher,,0.0,,,,35.899,,,,,
58872.32937114329,14.9916751,0.013864942562088024,g,Thacher,,0.0,,,,36.0731,,,,,
58873.3982716033,15.2310751,0.017145366535597888,g,Thacher,,0.0,,,,36.3125,,,,,
58874.2856520067,15.3324751,0.017281257361951415,g,Thacher,,0.0,,,,36.4139,,,,,
58876.28513503001,15.5536751,0.03479557479048162,g,Thacher,,0.0,,,,36.6351,,,,,
58880.2831790133,16.0667751,0.022508588567255832,g,Thacher,,0.0,,,,37.1482,,,,,
58881.2794135833,16.1416751,0.02087955789666055,g,Thacher,,0.0,,,,37.2231,,,,,
58885.3655092567,16.390575100000003,0.023379155478545414,g,Thacher,,0.0,,,,37.472,,,,,
58886.27953318001,16.4756751,0.0649153080944703,g,Thacher,,0.0,,,,37.5571,,,,,
58890.2784259267,16.172975100000002,0.21981709098475488,g,Thacher,,0.0,,,,37.2544,,,,,
58892.26337577,16.6048751,0.042146174541588,g,Thacher,,0.0,,,,37.6863,,,,,
58893.2465007733,16.5547751,0.018003410934875643,g,Thacher,,0.0,,,,37.6362,,,,,
58894.25404320999,16.6749751,0.019769611679544948,g,Thacher,,0.0,,,,37.7564,,,,,
58898.23909722,16.837575100000002,0.025290490823430056,g,Thacher,,0.0,,,,37.919,,,,,
58899.2317168233,16.840575100000002,0.03913141110169681,g,Thacher,,0.0,,,,37.922,,,,,
58900.3418518533,16.872475100000003,0.04587053601180174,g,Thacher,,0.0,,,,37.9539,,,,,
58903.2894868833,16.728875100000003,0.02948787825259729,g,Thacher,,0.0,,,,37.8103,,,,,
58905.5698726833,16.323875100000002,0.10238319534474395,g,Thacher,,0.0,,,,37.4053,,,,,
58915.44446760418,17.0976617851807,0.04173999884495458,g,ZTF-Cam,,0.0,,,,,,ZTF - P48,,,True
58939.33768519676,17.7918413200928,0.06898236955489231,g,ZTF-Cam,,0.0,,,,,,ZTF - P48,,,True
58940.39398150463,17.6776216545654,0.06767688441546023,g,ZTF-Cam,,0.0,,,,,,ZTF - P48,,,True
58962.23297450232,18.357137493188503,0.07671585672296083,g,ZTF-Cam,,0.0,,,,,,ZTF - P48,,,True
58967.22704859954,18.526105693872104,0.10294731017245387,g,ZTF-Cam,,0.0,,,,,,ZTF - P48,,,True
58860.04794810185,16.944845772383804,1.0860000184162062,g,Sinistro,,0.0,,,,,27.5,UCSC - Siding Spring 1m,15470.0504873913,15470.0504873913,False
58867.3008770949,14.1267751,0.015250470189472865,g,Sinistro,,0.0,,,,,27.5,UCSC - Siding Spring 1m,2911.0434909232,207315.9112401,False
58884.37010370369,17.648645281405102,1.0860000184162062,g,Sinistro,,0.0,,,,,27.5,UCSC - Siding Spring 1m,8090.43601344348,8090.43601344348,False
58919.14211700232,16.769592348484196,1.0860000184162062,g,Sinistro,,0.0,,,,,27.5,UCSC - Siding Spring 1m,18179.9674204684,18179.9674204684,False
58929.49872810185,17.436911197422702,1.0860000184162062,g,Sinistro,,0.0,,,,,27.5,UCSC - Siding Spring 1m,9832.536359025007,9832.536359025007,False
58935.639228298605,17.119096408344202,1.0860000184162062,g,Sinistro,,0.0,,,,,27.5,UCSC - Siding Spring 1m,13176.2393909784,13176.2393909784,False
58943.46005349537,17.055863178492903,1.0860000184162062,g,Sinistro,,0.0,,,,,27.5,UCSC - Siding Spring 1m,13966.4094049837,13966.4094049837,False
58895.29063650463,16.9588711540235,1.0860000184162062,g,Sinistro,,0.0,,,,,27.5,UCSC - Siding Spring 1m,15271.4958467523,15271.4958467523,False
58902.23789010418,16.9376826670881,1.0860000184162062,g,Sinistro,,0.0,,,,,27.5,UCSC - Siding Spring 1m,15572.4510057296,15572.4510057296,False
58923.14096680557,17.461553446232603,1.0860000184162062,g,Sinistro,,0.0,,,,,27.5,UCSC - Siding Spring 1m,9611.887111348027,9611.887111348027,False
58952.44229099537,18.1037930787847,1.0860000184162062,g,Sinistro,,0.0,,,,,27.5,UCSC - Siding Spring 1m,5320.01440806916,5320.01440806916,False
58959.339341898136,17.7716493647669,1.0860000184162062,g,Sinistro,,0.0,,,,,27.5,UCSC - Siding Spring 1m,7223.87619160149,7223.87619160149,False
58966.35034700232,16.729691793586802,1.0860000184162062,g,Sinistro,,0.0,,,,,27.5,UCSC - Siding Spring 1m,18860.5052407542,18860.5052407542,False
58974.11143359952,17.086038889802502,1.0860000184162062,g,Sinistro,,0.0,,,,,27.5,UCSC - Siding Spring 1m,13583.5874821577,13583.5874821577,False
58980.7621129051,17.205400976727603,1.0860000184162062,g,Sinistro,,0.0,,,,,27.5,UCSC - Siding Spring 1m,12169.413534264198,12169.413534264198,False
58988.31512849537,17.3093054707569,1.0860000184162062,g,Sinistro,,0.0,,,,,27.5,UCSC - Siding Spring 1m,11058.7961255165,11058.7961255165,False
58996.502666805565,17.421490492762004,1.0860000184162062,g,Sinistro,,0.0,,,,,27.5,UCSC - Siding Spring 1m,9973.18425894792,9973.18425894792,False
59002.74530769675,18.818532898764,1.0860000184162062,g,Sinistro,,0.0,,,,,27.5,UCSC - Siding Spring 1m,2754.33575891391,2754.33575891391,False
59007.70939599536,18.534768393435606,1.0860000184162062,g,Sinistro,,0.0,,,,,27.5,UCSC - Siding Spring 1m,3577.03082446998,3577.03082446998,False
59014.79912700233,19.1249674724777,1.0860000184162062,g,Sinistro,,0.0,,,,,27.5,UCSC - Siding Spring 1m,2077.031346806,2077.031346806,False
59026.345095196775,17.228619634629002,1.0860000184162062,g,Sinistro,,0.0,,,,,27.5,UCSC - Siding Spring 1m,11911.9314677299,11911.9314677299,False
59032.34242989582,20.269587064463202,1.0860000184162062,g,Sinistro,,0.0,,,,,27.5,UCSC - Siding Spring 1m,723.761061416864,723.761061416864,False
59038.715121597226,19.6433294096614,1.0860000184162062,g,Sinistro,,0.0,,,,,27.5,UCSC - Siding Spring 1m,1288.5411015938698,1288.5411015938698,False
59202.094513101845,18.513164321789503,1.0860000184162062,g,Sinistro,,0.0,,,,,27.5,UCSC - Siding Spring 1m,3648.919743032121,3648.919743032121,False
59208.07233400463,18.315089486356502,1.0860000184162062,g,Sinistro,,0.0,,,,,27.5,UCSC - Siding Spring 1m,4379.19460928749,4379.19460928749,False
59214.05129569445,17.738980819325302,1.0860000184162062,g,Sinistro,,0.0,,,,,27.5,UCSC - Siding Spring 1m,7444.537334776392,7444.537334776392,False
59220.37075010418,18.333051217095612,1.0860000184162062,g,Sinistro,,0.0,,,,,27.5,UCSC - Siding Spring 1m,4307.34395728429,4307.34395728429,False
59226.10714269675,17.5675061077618,1.0860000184162062,g,Sinistro,,0.0,,,,,27.5,UCSC - Siding Spring 1m,8718.21544044002,8718.21544044002,False
59227.71433790509,18.727279532435503,1.0860000184162062,g,Sinistro,,0.0,,,,,27.5,UCSC - Siding Spring 1m,2995.83732291883,2995.83732291883,False
59232.374665798605,17.2721633930532,1.0860000184162062,g,Sinistro,,0.0,,,,,27.5,UCSC - Siding Spring 1m,11443.6530614975,11443.6530614975,False
59236.06163450232,18.0801757068464,1.0860000184162062,g,Sinistro,,0.0,,,,,27.5,UCSC - Siding Spring 1m,5437.00531137585,5437.00531137585,False
59245.4224962963,18.6097474787727,1.0860000184162062,g,Sinistro,,0.0,,,,,27.5,UCSC - Siding Spring 1m,3338.3437073039504,3338.3437073039504,False
59252.05711939815,18.0416320636727,1.0860000184162062,g,Sinistro,,0.0,,,,,27.5,UCSC - Siding Spring 1m,5633.48593720389,5633.48593720389,False
58883.00979730325,18.0580123744278,1.0860000184162062,g,Sinistro,,0.0,,,,,27.5,UCSC - Siding Spring 1m,5549.13244094756,5549.13244094756,False
58879.076275694446,17.1468367375138,1.0860000184162062,g,Sinistro,,0.0,,,,,27.5,UCSC - Siding Spring 1m,12843.8535513491,12843.8535513491,False
58878.06251870369,16.8139115419088,1.0860000184162062,g,Sinistro,,0.0,,,,,27.5,UCSC - Siding Spring 1m,17452.8125105201,17452.8125105201,False
59257.33226810185,19.1375191857271,1.0860000184162062,g,Sinistro,,0.0,,,,,27.5,UCSC - Siding Spring 1m,2053.1579720334807,2053.1579720334807,False
59262.224542199074,18.291579735593803,1.0860000184162062,g,Sinistro,,0.0,,,,,27.5,UCSC - Siding Spring 1m,4475.0526140209495,4475.0526140209495,False
59267.12103950232,17.3736637387729,1.0860000184162062,g,Sinistro,,0.0,,,,,27.5,UCSC - Siding Spring 1m,10422.3233877337,10422.3233877337,False
58872.35361000001,15.005075099999999,0.013327433511370413,g,Direct/4Kx4K,,0.0,,,,,27.5,UCSC - Swope,1132.77010908241,92315.364361811,False
58897.31432000001,16.4526751,0.008953504397720486,g,Direct/4Kx4K,,0.0,,,,,27.5,UCSC - Swope,200.698469202838,24349.4530795198,False
58885.38447000001,16.2866481862346,1.0860000184162062,g,Direct/4Kx4K,,0.0,,,,,27.5,UCSC - Swope,28364.2147943012,28364.2147943012,False
58884.37010370369,16.233875100000002,0.3001079709188012,g,Sinistro,,0.0,,,,,27.5,Unknown - Siding Spring 1m,8225.62120115527,29766.0424706304,False
58867.3008770949,14.1267751,0.015250470189472865,g,Sinistro,,0.0,,,,,27.5,Unknown - Siding Spring 1m,2911.0434909232,207315.9112401,False
58935.639228298605,17.119096408165802,0.36200005524861456,g,Sinistro,,0.0,,,,,27.5,Unknown - Siding Spring 1m,4392.07979771419,13176.2393931426,False
58929.49872810185,16.2774751,0.0467684774287126,g,Sinistro,,0.0,,,,,27.5,Unknown - Siding Spring 1m,1231.75675267572,28602.600267945298,False
58943.46005349537,17.056763824489803,0.36200005524861456,g,Sinistro,,0.0,,,,,27.5,Unknown - Siding Spring 1m,4651.609571495221,13954.8287144856,False
58919.14211700232,16.4460751,0.03258162825888233,g,Sinistro,,0.0,,,,,27.5,Unknown - Siding Spring 1m,734.5536390648151,24484.358957644,False
58860.04794810185,15.0426751,0.05911392729298229,g,Sinistro,,0.0,,,,,27.5,Unknown - Siding Spring 1m,4854.26294446059,89179.6564923355,False
58856.3068305,16.2051751,0.018147502113514135,g,Siding Spring 1m,,,,,,,,,,,
58856.327614600006,16.1722751,0.013940234769902549,g,Siding Spring 1m,,,,,,,,,,,
58856.3302329,16.186675100000002,0.014742156716030292,g,Siding Spring 1m,,,,,,,,,,,
58856.3489274,16.2234751,0.015566984823336856,g,Siding Spring 1m,,,,,,,,,,,
58856.3677439,16.218175100000003,0.0208405596892214,g,Siding Spring 1m,,,,,,,,,,,
58856.4102006,15.932875099999999,0.017272257965014203,g,Siding Spring 1m,,,,,,,,,,,
58856.730014,15.957375099999998,0.012423010020119822,g,Siding Spring 1m,,,,,,,,,,,
58856.73264800001,15.9381751,0.013165519207384013,g,Siding Spring 1m,,,,,,,,,,,
58857.30239219999,15.7176751,0.013165519207384013,g,Siding Spring 1m,,,,,,,,,,,
58857.3174957,15.7399751,0.013165519207384013,g,Siding Spring 1m,,,,,,,,,,,
58857.346904,15.7760751,0.013940234769902549,g,Siding Spring 1m,,,,,,,,,,,
58857.3630897,15.601875099999999,0.11332417648498487,g,Siding Spring 1m,,,,,,,,,,,
58857.71319,15.6026751,0.017272257965014203,g,Siding Spring 1m,,,,,,,,,,,
58857.7158125,15.5636751,0.016411318716361582,g,Siding Spring 1m,,,,,,,,,,,
58858.29968819999,15.2553751,0.012423010020119822,g,Siding Spring 1m,,,,,,,,,,,
58858.299862,15.3347751,0.010456112931677813,g,Siding Spring 1m,,,,,,,,,,,
58858.3062284,15.3197751,0.010456112931677813,g,Siding Spring 1m,,,,,,,,,,,
58858.3382789,15.2738751,0.011718806782689098,g,Siding Spring 1m,,,,,,,,,,,
58859.0506027,15.0211751,0.009916187109413577,g,Siding Spring 1m,,,,,,,,,,,
58859.29702200001,14.9113751,0.010456112931677813,g,Siding Spring 1m,,,,,,,,,,,
58859.6886377,14.7828751,0.010456112931677813,g,Siding Spring 1m,,,,,,,,,,,
58860.04794809999,14.6244751,0.009451496303993353,g,Siding Spring 1m,,,,,,,,,,,
58860.0706904,14.5462751,0.008793784627798205,g,Siding Spring 1m,,,,,,,,,,,
58860.07331,14.5567751,0.008793784627798205,g,Siding Spring 1m,,,,,,,,,,,
58861.0503794,14.2732751,0.009916187109413577,g,Siding Spring 1m,,,,,,,,,,,
58861.2915275,14.3513751,0.009916187109413577,g,Siding Spring 1m,,,,,,,,,,,
58861.3463657,14.2251751,0.008793784627798205,g,Siding Spring 1m,,,,,,,,,,,
58861.3480572,14.2472751,0.008793784627798205,g,Siding Spring 1m,,,,,,,,,,,
58861.6831589,14.1783751,0.012423010020119822,g,Siding Spring 1m,,,,,,,,,,,
58862.3614383,14.0524751,0.008793784627798205,g,Siding Spring 1m,,,,,,,,,,,
58862.36313080001,14.0468751,0.008793784627798205,g,Siding Spring 1m,,,,,,,,,,,
58864.75359380001,13.9685751,0.009073624458638345,g,Siding Spring 1m,,,,,,,,,,,
58866.3036787,13.9980751,0.009451496303993353,g,Siding Spring 1m,,,,,,,,,,,
58867.3008771,14.2146751,0.009451496303993353,g,Siding Spring 1m,,,,,,,,,,,
58867.3972176,14.1695751,0.009073624458638345,g,Siding Spring 1m,,,,,,,,,,,
58867.3985651,14.1892751,0.009073624458638345,g,Siding Spring 1m,,,,,,,,,,,
58868.2725076,14.3594751,0.009073624458638345,g,Siding Spring 1m,,,,,,,,,,,
58869.26996769999,14.5013751,0.009451496303993353,g,Siding Spring 1m,,,,,,,,,,,
58869.3576297,14.4955751,0.009451496303993353,g,Siding Spring 1m,,,,,,,,,,,
58869.3586268,14.5021751,0.009451496303993353,g,Siding Spring 1m,,,,,,,,,,,
58870.2669087,14.7823751,0.009916187109413577,g,Siding Spring 1m,,,,,,,,,,,
58871.2650008,15.0142751,0.011060308415681626,g,Siding Spring 1m,,,,,,,,,,,
58871.3157309,14.9187751,0.010456112931677813,g,Siding Spring 1m,,,,,,,,,,,
58871.3167279,14.9225751,0.010456112931677813,g,Siding Spring 1m,,,,,,,,,,,
58872.2872798,15.0787751,0.010456112931677813,g,Siding Spring 1m,,,,,,,,,,,
58873.0880454,15.1918751,0.011060308415681626,g,Siding Spring 1m,,,,,,,,,,,
58873.0935244,15.1423751,0.010456112931677813,g,Siding Spring 1m,,,,,,,,,,,
58873.0945201,15.1531751,0.010456112931677813,g,Siding Spring 1m,,,,,,,,,,,
58874.28234369999,15.3655751,0.012423010020119822,g,Siding Spring 1m,,,,,,,,,,,
58875.2540397,15.5984751,0.012423010020119822,g,Siding Spring 1m,,,,,,,,,,,
58876.02878450001,15.6223751,0.012423010020119822,g,Siding Spring 1m,,,,,,,,,,,
58876.029793,15.607975099999999,0.012423010020119822,g,Siding Spring 1m,,,,,,,,,,,
58876.3349338,15.7557751,0.03603235506097263,g,Siding Spring 1m,,,,,,,,,,,
58877.026255,15.7477751,0.013165519207384013,g,Siding Spring 1m,,,,,,,,,,,
58877.02726130001,15.7666751,0.013165519207384013,g,Siding Spring 1m,,,,,,,,,,,
58877.2568144,15.7923751,0.028325406088704184,g,Siding Spring 1m,,,,,,,,,,,
58877.2634249,15.8315751,0.016411318716361582,g,Siding Spring 1m,,,,,,,,,,,
58878.3400506,15.9415751,0.013165519207384013,g,Siding Spring 1m,,,,,,,,,,,
58880.1180631,15.9854751,0.016411318716361582,g,Siding Spring 1m,,,,,,,,,,,
58880.1190628,16.0148751,0.016411318716361582,g,Siding Spring 1m,,,,,,,,,,,
58881.9941444,16.1767751,0.015566984823336856,g,Siding Spring 1m,,,,,,,,,,,
58882.0888727,16.244175100000003,0.017272257965014203,g,Siding Spring 1m,,,,,,,,,,,
58882.0898714,16.1981751,0.016411318716361582,g,Siding Spring 1m,,,,,,,,,,,
58883.00979730001,16.2968751,0.01993320337627648,g,Siding Spring 1m,,,,,,,,,,,
58883.0108077,16.3063751,0.019034950727805942,g,Siding Spring 1m,,,,,,,,,,,
58883.1177726,16.2646751,0.015566984823336856,g,Siding Spring 1m,,,,,,,,,,,
58883.1187762,16.2405751,0.015566984823336856,g,Siding Spring 1m,,,,,,,,,,,
58883.99484500001,16.3089751,0.016411318716361582,g,Siding Spring 1m,,,,,,,,,,,
58883.9961893,16.409175100000002,0.018147502113514135,g,Siding Spring 1m,,,,,,,,,,,
58884.37010369999,16.3959751,0.017272257965014203,g,Siding Spring 1m,,,,,,,,,,,
58857.3,15.752654370529447,0.3949729255432326,i,Synthetic,Synthetic,0.0,,,,,,,,,
58864.6,13.990268154105397,0.3509277895137636,i,Synthetic,Synthetic,0.0,,,,,,,,,
58868.6,14.034865359562017,0.3520159110608766,i,Synthetic,Synthetic,0.0,,,,,,,,,
58870.5,14.103715921804913,0.3537228068550039,i,Synthetic,Synthetic,0.0,,,,,,,,,
58872.4,13.991912718443375,0.3509276681189789,i,Synthetic,Synthetic,0.0,,,,,,,,,
58875.0,14.45124698781618,0.36241239402015296,i,Synthetic,Synthetic,0.0,,,,,,,,,
58876.7,14.234279332697263,0.35700051873233424,i,Synthetic,Synthetic,0.0,,,,,,,,,
58879.4,15.167350481107851,0.38034553492081735,i,Synthetic,Synthetic,0.0,,,,,,,,,
58880.3,15.18852791833003,0.3808760642398287,i,Synthetic,Synthetic,0.0,,,,,,,,,
58880.4,15.332552714612467,0.3844751186435086,i,Synthetic,Synthetic,0.0,,,,,,,,,
58892.0,15.44655239524514,0.3876559139487122,i,Synthetic,Synthetic,0.0,,,,,,,,,
58895.0,16.12043962254087,0.4043153094696046,i,Synthetic,Synthetic,0.0,,,,,,,,,
58995.6,16.4317371531656,0.5145475581911829,i,Synthetic,Synthetic,0.0,,,,,,,,,
58906.27664,16.689679541827555,0.014001428498549712,i,Swope,,0.0,,,,,,,,,
58895.28589,16.207138479378855,0.014001428498549712,i,Swope,,0.0,,,,,,,,,
58885.35471000001,15.731821837508065,0.011001818031580053,i,Swope,,0.0,,,,,,,,,
58905.28652,16.60952575327092,0.015001333274079341,i,Swope,,0.0,,,,,,,,,
58893.28932,16.16717204155253,0.01000199980003999,i,Swope,,0.0,,,,,,,,,
58907.36082,16.584574281639938,0.012001666550941998,i,Swope,,0.0,,,,,,,,,
58872.35262000001,14.478820935662341,0.004004996878900157,i,Swope,,0.0,,,,,,,,,
58870.31588,14.173021625196245,0.006003332407921454,i,Swope,,0.0,,,,,,,,,
58912.26859000001,16.72381343169875,0.019001052602421794,i,Swope,,0.0,,,,,,,,,
58876.36301,14.822269830678895,0.006003332407921454,i,Swope,,0.0,,,,,,,,,
58882.31831000001,15.580122714737145,0.008002499609497022,i,Swope,,0.0,,,,,,,,,
58903.27202999997,16.446472126728338,0.018001111076819672,i,Swope,,0.0,,,,,,,,,
58883.3742,15.680914066086169,0.009002221947941518,i,Swope,,0.0,,,,,,,,,
58894.309,16.279901183977568,0.01000199980003999,i,Swope,,0.0,,,,,,,,,
58909.35704,16.794344246192313,0.01600124995117569,i,Swope,,0.0,,,,,,,,,
58908.30123000001,16.739812422607663,0.018001111076819672,i,Swope,,0.0,,,,,,,,,
58904.32282,16.498970256516625,0.019001052602421794,i,Swope,,0.0,,,,,,,,,
58911.19852000001,16.705213255617625,0.02000099997500125,i,Swope,,0.0,,,,,,,,,
58875.37604,14.660785322011991,0.005003998401278721,i,Swope,,0.0,,,,,,,,,
58871.35235000001,14.22871762278963,0.005003998401278721,i,Swope,,0.0,,,,,,,,,
58908.30252999997,16.74821733430945,0.015001333274079341,i,Swope,,0.0,,,,,,,,,
58866.56400000001,13.9601854,0.005003998401278721,i,Pan-STARRS1,GPC1,0.0,250985.901,1371.323,None,44.00100000000001,,,,,
58895.43,15.5041854,0.062000322579805985,i,Nickel,Direct/2Kx2K,0.0,60553.929,3433.315,None,45.545,,,,,
58862.53376157,14.2198854,0.020578571907690777,i,Thacher,,0.0,,,,44.2607,,,,,
58864.340625,14.032885400000001,0.014528076709943405,i,Thacher,,0.0,,,,44.0737,,,,,
58865.45892361,13.958185400000001,0.04234977226019049,i,Thacher,,0.0,,,,43.999,,,,,
58866.3267476867,13.9838854,0.01345558645358871,i,Thacher,,0.0,,,,44.0247,,,,,
58867.35320216001,14.0201854,0.015595282491830663,i,Thacher,,0.0,,,,44.06100000000001,,,,,
58871.3393209867,14.2581854,0.011787996763233352,i,Thacher,,0.0,,,,44.299,,,,,
58872.33465278001,14.3230854,0.014480781206827106,i,Thacher,,0.0,,,,44.3639,,,,,
58873.40355710001,14.440785400000001,0.01115759264536934,i,Thacher,,0.0,,,,44.4816,,,,,
58874.29089892,14.5372854,0.015210314954004076,i,Thacher,,0.0,,,,44.5781,,,,,
58876.29037037,14.590085400000001,0.024928802297743868,i,Thacher,,0.0,,,,44.6309,,,,,
58878.28725308329,14.965885400000001,0.02123934166964692,i,Thacher,,0.0,,,,45.0067,,,,,
58880.28847993999,15.2628854,0.016577206519796994,i,Thacher,,0.0,,,,45.3037,,,,,
58881.2846913567,15.362285400000001,0.015306406698177075,i,Thacher,,0.0,,,,45.4031,,,,,
58886.28480324,15.764585400000001,0.023625046574345627,i,Thacher,,0.0,,,,45.8054,,,,,
58890.28364583,15.8228854,0.0482549144673369,i,Thacher,,0.0,,,,45.8637,,,,,
58892.26888889,16.089285399999998,0.027639723605709227,i,Thacher,,0.0,,,,46.1301,,,,,
58893.25179784,16.1005854,0.0177373276014173,i,Thacher,,0.0,,,,46.1414,,,,,
58894.25934028,16.2259854,0.020919056087930925,i,Thacher,,0.0,,,,46.2668,,,,,
58898.24441358,16.2131854,0.022147503054746373,i,Thacher,,0.0,,,,46.25400000000001,,,,,
58899.23702932,16.4361854,0.034839774061265094,i,Thacher,,0.0,,,,46.477,,,,,
58900.34714119997,16.255285399999998,0.018411686298652818,i,Thacher,,0.0,,,,46.2961,,,,,
58902.2646604933,16.317885399999998,0.04643243073542457,i,Thacher,,0.0,,,,46.3587,,,,,
58903.29476852,16.293685399999998,0.02953237723059219,i,Thacher,,0.0,,,,46.3345,,,,,
58905.57505015329,16.4499854,0.15363213018115707,i,Thacher,,0.0,,,,46.4908,,,,,
58856.69851079861,14.881515656178301,1.0860000184162062,i,Sinistro,,0.0,,,,,27.5,UCSC - Siding Spring 1m,107415.733279735,107415.733279735,False
58861.68584540508,16.049422676217898,1.0860000184162062,i,Sinistro,,0.0,,,,,27.5,UCSC - Siding Spring 1m,36635.7502323231,36635.7502323231,False
58872.289974201376,14.2634854,0.01123081586528781,i,Sinistro,,0.0,,,,,27.5,UCSC - Siding Spring 1m,1962.6409525023,189814.003748788,False
58874.2850725,16.8151884121094,1.0860000184162062,i,Sinistro,,0.0,,,,,27.5,UCSC - Siding Spring 1m,18096.6753430216,18096.6753430216,False
58881.996881898136,18.4388889195132,1.0860000184162062,i,Sinistro,,0.0,,,,,27.5,UCSC - Siding Spring 1m,4056.1928222447496,4056.1928222447496,False
58906.10186420138,17.243325477303696,1.0860000184162062,i,Sinistro,,0.0,,,,,27.5,UCSC - Siding Spring 1m,12199.554431501,12199.554431501,False
58929.50071060184,16.9246205048624,1.0860000184162062,i,Sinistro,,0.0,,,,,27.5,UCSC - Siding Spring 1m,16361.607045358302,16361.607045358302,False
58935.641231400456,16.716107522710598,1.0860000184162062,i,Sinistro,,0.0,,,,,27.5,UCSC - Siding Spring 1m,19825.819636866698,19825.819636866698,False
58943.46206930556,15.9418270646684,1.0860000184162062,i,Sinistro,,0.0,,,,,27.5,UCSC - Siding Spring 1m,40452.3106895455,40452.3106895455,False
58895.29333049768,16.3958362662455,1.0860000184162062,i,Sinistro,,0.0,,,,,27.5,UCSC - Siding Spring 1m,26628.0677648335,26628.0677648335,False
58902.23997680556,16.7158969733438,1.0860000184162062,i,Sinistro,,0.0,,,,,27.5,UCSC - Siding Spring 1m,19829.6646947422,19829.6646947422,False
58919.14422640047,16.570754197608498,1.0860000184162062,i,Sinistro,,0.0,,,,,27.5,UCSC - Siding Spring 1m,22665.874562039506,22665.874562039506,False
58952.4443129051,17.899141996321397,1.0860000184162062,i,Sinistro,,0.0,,,,,27.5,UCSC - Siding Spring 1m,6668.33426190797,6668.33426190797,False
58923.14308599537,17.455071980975802,1.0860000184162062,i,Sinistro,,0.0,,,,,27.5,UCSC - Siding Spring 1m,10037.9578474331,10037.9578474331,False
58856.36973799767,16.1669431002458,1.0860000184162062,i,Sinistro,,0.0,,,,,27.5,UCSC - Siding Spring 1m,32877.3586974172,32877.3586974172,False
58959.34145760418,17.713659379966,1.0860000184162062,i,Sinistro,,0.0,,,,,27.5,UCSC - Siding Spring 1m,7910.6179065427295,7910.6179065427295,False
58966.352328298606,16.688002732146597,1.0860000184162062,i,Sinistro,,0.0,,,,,27.5,UCSC - Siding Spring 1m,20345.7201754984,20345.7201754984,False
58974.11341239582,16.821218041406,1.0860000184162062,i,Sinistro,,0.0,,,,,27.5,UCSC - Siding Spring 1m,17996.4541150166,17996.4541150166,False
58980.76410310184,16.821545054867197,1.0860000184162062,i,Sinistro,,0.0,,,,,27.5,UCSC - Siding Spring 1m,17991.034569692,17991.034569692,False
58988.31710269675,16.8991400104549,1.0860000184162062,i,Sinistro,,0.0,,,,,27.5,UCSC - Siding Spring 1m,16750.1289900621,16750.1289900621,False
58996.50466760418,17.4512021260725,1.0860000184162062,i,Sinistro,,0.0,,,,,27.5,UCSC - Siding Spring 1m,10073.7996571915,10073.7996571915,False
59002.7472995949,18.6539855739413,1.0860000184162062,i,Sinistro,,0.0,,,,,27.5,UCSC - Siding Spring 1m,3327.2078378873803,3327.2078378873803,False
59007.71141280093,18.610050042563298,1.0860000184162062,i,Sinistro,,0.0,,,,,27.5,UCSC - Siding Spring 1m,3464.60831201234,3464.60831201234,False
59014.80113019678,18.6883476980794,1.0860000184162062,i,Sinistro,,0.0,,,,,27.5,UCSC - Siding Spring 1m,3223.55497227884,3223.55497227884,False
59026.3471257986,17.5375910090679,1.0860000184162062,i,Sinistro,,0.0,,,,,27.5,UCSC - Siding Spring 1m,9303.31565194807,9303.31565194807,False
59032.34444609952,20.1568783099499,1.0860000184162062,i,Sinistro,,0.0,,,,,27.5,UCSC - Siding Spring 1m,833.533072114756,833.533072114756,False
59038.719573101866,19.7822028692298,1.0860000184162062,i,Sinistro,,0.0,,,,,27.5,UCSC - Siding Spring 1m,1177.04485226466,1177.04485226466,False
59202.09650780094,18.413803467463598,1.0860000184162062,i,Sinistro,,0.0,,,,,27.5,UCSC - Siding Spring 1m,4151.00037884234,4151.00037884234,False
59208.07433010418,17.8770287838931,1.0860000184162062,i,Sinistro,,0.0,,,,,27.5,UCSC - Siding Spring 1m,6805.540870013288,6805.540870013288,False
59214.05328909722,18.165764722406,1.0860000184162062,i,Sinistro,,0.0,,,,,27.5,UCSC - Siding Spring 1m,5216.36858838116,5216.36858838116,False
59220.37273569445,17.9625172851285,1.0860000184162062,i,Sinistro,,0.0,,,,,27.5,UCSC - Siding Spring 1m,6290.240434005029,6290.240434005029,False
59226.109145,17.069044321519197,1.0860000184162062,i,Sinistro,,0.0,,,,,27.5,UCSC - Siding Spring 1m,14323.7400711428,14323.7400711428,False
59227.71633760418,18.421677799428505,1.0860000184162062,i,Sinistro,,0.0,,,,,27.5,UCSC - Siding Spring 1m,4121.00403948741,4121.00403948741,False
59232.37664530093,16.6380729714515,1.0860000184162062,i,Sinistro,,0.0,,,,,27.5,UCSC - Siding Spring 1m,21303.2062179815,21303.2062179815,False
59236.06363390048,17.221719488734198,1.0860000184162062,i,Sinistro,,0.0,,,,,27.5,UCSC - Siding Spring 1m,12444.7553850333,12444.7553850333,False
59245.42449359952,18.481152049980896,1.0860000184162062,i,Sinistro,,0.0,,,,,27.5,UCSC - Siding Spring 1m,3901.33586307999,3901.33586307999,False
59252.05910180557,17.5297693224854,1.0860000184162062,i,Sinistro,,0.0,,,,,27.5,UCSC - Siding Spring 1m,9370.579099408871,9370.579099408871,False
58878.06517450232,15.352974752823101,1.0860000184162062,i,Sinistro,,0.0,,,,,27.5,UCSC - Siding Spring 1m,69579.9734780726,69579.9734780726,False
58857.72217719907,16.9338607674195,1.0860000184162062,i,Sinistro,,0.0,,,,,27.5,UCSC - Siding Spring 1m,16222.9508727871,16222.9508727871,False
59257.33427480325,18.9805384403592,1.0860000184162062,i,Sinistro,,0.0,,,,,27.5,UCSC - Siding Spring 1m,2462.96808241325,2462.96808241325,False
59262.22661810186,18.3309473877586,1.0860000184162062,i,Sinistro,,0.0,,,,,27.5,UCSC - Siding Spring 1m,4480.177337618739,4480.177337618739,False
59267.12303060183,16.9059582771314,1.0860000184162062,i,Sinistro,,0.0,,,,,27.5,UCSC - Siding Spring 1m,16645.2701909897,16645.2701909897,False
58869.34804,14.0486854,0.016114014273296395,i,Direct/4Kx4K,,0.0,,,,,27.5,UCSC - Swope,3431.9848570654603,231315.586623058,False
58870.31588,14.0806854,0.00940305912987891,i,Direct/4Kx4K,,0.0,,,,,27.5,UCSC - Swope,1944.9826083638104,224685.289738654,False
58884.36979,15.417085400000001,0.016927270423786542,i,Direct/4Kx4K,,0.0,,,,,27.5,UCSC - Swope,1021.91850540043,65567.6279518244,False
58896.29095,15.6438854,0.03298205869863187,i,Direct/4Kx4K,,0.0,,,,,27.5,UCSC - Swope,1617.0069970091504,53244.156219414406,False
58897.31243,15.9478854,0.010790102131119942,i,Direct/4Kx4K,,0.0,,,,,27.5,UCSC - Swope,399.760887818741,40241.9658147105,False
58923.27495,16.5560854,0.012168812596141,i,Direct/4Kx4K,,0.0,,,,,27.5,UCSC - Swope,257.332372532855,22968.6098682844,False
58954.18390324072,18.998419019681,1.0860000184162062,i,Direct/2Kx2K,,0.0,,,,,27.5,UCSC - Nickel,2422.73856328169,2422.73856328169,False
58880.443395023154,17.5383006796339,1.0860000184162062,i,Direct/2Kx2K,,0.0,,,,,27.5,UCSC - Nickel,9297.23670570338,9297.23670570338,False
58963.21081608796,18.4811884087622,1.0860000184162062,i,Direct/2Kx2K,,0.0,,,,,27.5,UCSC - Nickel,3901.20521859968,3901.20521859968,False
58904.35018055557,19.201157419086798,1.0860000184162062,i,Direct/2Kx2K,,0.0,,,,,27.5,UCSC - Nickel,2010.0700487120896,2010.0700487120896,False
58900.38404328704,18.4315585044812,1.0860000184162062,i,Direct/2Kx2K,,0.0,,,,,27.5,UCSC - Nickel,4083.67111487409,4083.67111487409,False
58895.43991296296,19.0295702234081,1.0860000184162062,i,Direct/2Kx2K,,0.0,,,,,27.5,UCSC - Nickel,2354.21471883495,2354.21471883495,False
58856.69851079861,15.3116854,0.03986931777695728,i,Sinistro,,0.0,,,,,27.5,Unknown - Siding Spring 1m,2654.53723680312,72307.8264830456,False
58935.641231400456,16.7161075225265,0.36200005524861456,i,Sinistro,,0.0,,,,,27.5,Unknown - Siding Spring 1m,6608.60654674299,19825.819640229,False
58874.2850725,14.725585400000002,0.07331974201400333,i,Sinistro,,0.0,,,,,27.5,Unknown - Siding Spring 1m,8371.12324721598,123992.166627061,False
58943.46206930556,15.9389550597998,0.36200005524861456,i,Sinistro,,0.0,,,,,27.5,Unknown - Siding Spring 1m,13519.8191227547,40559.4573682642,False
58929.50071060184,12.9782047865428,1.0860000184162062,i,Sinistro,,0.0,,,,,27.5,Unknown - Siding Spring 1m,620000.793582952,620000.793582952,False
58861.68584540508,14.198185400000002,0.012461396390453168,i,Sinistro,,0.0,,,,,27.5,Unknown - Siding Spring 1m,2311.6635882386104,201485.449493734,False
58872.289974201376,14.2634854,0.01123081586528781,i,Sinistro,,0.0,,,,,27.5,Unknown - Siding Spring 1m,1962.6409525023,189814.003748788,False
58906.10186420138,15.8128854,0.021216791486933218,i,Sinistro,,0.0,,,,,27.5,Unknown - Siding Spring 1m,890.297941674791,45572.7024181939,False
58881.996881898136,15.3922854,0.0942277238184177,i,Sinistro,,0.0,,,,,27.5,Unknown - Siding Spring 1m,5823.657193493559,67119.3752970529,False
58856.308809,17.7140854,0.11417517516956126,i,Siding Spring 1m,,,,,,,,,,,
58856.33656919999,16.7639854,0.025787275587971677,i,Siding Spring 1m,,,,,,,,,,,
58856.3382525,16.6711854,0.024819005847132553,i,Siding Spring 1m,,,,,,,,,,,
58856.369738,16.3461854,0.034582978324025244,i,Siding Spring 1m,,,,,,,,,,,
58856.4121912,16.3212854,0.024819005847132553,i,Siding Spring 1m,,,,,,,,,,,
58856.6985108,15.9449854,0.05933783705402482,i,Siding Spring 1m,,,,,,,,,,,
58856.7390531,16.2820854,0.05238308180405196,i,Siding Spring 1m,,,,,,,,,,,
58856.7407471,16.2628854,0.01720416254863921,i,Siding Spring 1m,,,,,,,,,,,
58857.30436259999,16.130485399999998,0.019078348337578908,i,Siding Spring 1m,,,,,,,,,,,
58857.3194778,16.017485399999998,0.016278328673730604,i,Siding Spring 1m,,,,,,,,,,,
58857.3488885,15.942285400000001,0.01445618355721869,i,Siding Spring 1m,,,,,,,,,,,
58857.7221772,15.5029854,0.020024498801468164,i,Siding Spring 1m,,,,,,,,,,,
58857.72386950001,15.587785400000001,0.021931311957108263,i,Siding Spring 1m,,,,,,,,,,,
58858.3023586,15.4835854,0.010197161518775703,i,Siding Spring 1m,,,,,,,,,,,
58858.3027366,15.478785400000001,0.010197161518775703,i,Siding Spring 1m,,,,,,,,,,,
58858.308905,15.5104854,0.01099921846132715,i,Siding Spring 1m,,,,,,,,,,,
58858.34096980001,15.374285400000002,0.012687876405845068,i,Siding Spring 1m,,,,,,,,,,,
58859.05326880001,15.1660854,0.010197161518775703,i,Siding Spring 1m,,,,,,,,,,,
58859.29968819999,15.0773854,0.009433050443250053,i,Siding Spring 1m,,,,,,,,,,,
58859.69132790001,14.948385400000001,0.010197161518775703,i,Siding Spring 1m,,,,,,,,,,,
58860.0506256,14.776685400000002,0.00871678472603861,i,Siding Spring 1m,,,,,,,,,,,
58860.0796389,14.827185400000001,0.007482143508440613,i,Siding Spring 1m,,,,,,,,,,,
58860.08131950001,14.791985400000002,0.007482143508440613,i,Siding Spring 1m,,,,,,,,,,,
58861.0471037,14.4739854,0.00871678472603861,i,Siding Spring 1m,,,,,,,,,,,
58861.0530556,14.5362854,0.00871678472603861,i,Siding Spring 1m,,,,,,,,,,,
58861.2941936,14.504085400000001,0.008061161413989923,i,Siding Spring 1m,,,,,,,,,,,
58861.35208130001,14.5780854,0.008061161413989923,i,Siding Spring 1m,,,,,,,,,,,
58861.3530852,14.5470854,0.007482143508440613,i,Siding Spring 1m,,,,,,,,,,,
58861.6858454,14.3968854,0.00871678472603861,i,Siding Spring 1m,,,,,,,,,,,
58862.3671762,14.2724854,0.007482143508440613,i,Siding Spring 1m,,,,,,,,,,,
58862.36818480001,14.2773854,0.007482143508440613,i,Siding Spring 1m,,,,,,,,,,,
58864.3117174,14.0636854,0.027730521236356158,i,Siding Spring 1m,,,,,,,,,,,
58864.7562847,14.0910854,0.008061161413989923,i,Siding Spring 1m,,,,,,,,,,,
58866.3063505,13.929885400000002,0.009433050443250053,i,Siding Spring 1m,,,,,,,,,,,
58867.30356159999,14.039685400000002,0.008061161413989923,i,Siding Spring 1m,,,,,,,,,,,
58867.4015408,13.9610854,0.006998738241597553,i,Siding Spring 1m,,,,,,,,,,,
58867.4021824,13.988085400000001,0.006998738241597553,i,Siding Spring 1m,,,,,,,,,,,
58868.27523330001,14.1963854,0.007482143508440613,i,Siding Spring 1m,,,,,,,,,,,
58869.27264630001,14.1735854,0.007482143508440613,i,Siding Spring 1m,,,,,,,,,,,
58869.3612469,14.1347854,0.008061161413989923,i,Siding Spring 1m,,,,,,,,,,,
58869.3618961,14.114385400000002,0.008061161413989923,i,Siding Spring 1m,,,,,,,,,,,
58870.269577,14.4471854,0.008061161413989923,i,Siding Spring 1m,,,,,,,,,,,
58871.3193826,14.254685400000001,0.00871678472603861,i,Siding Spring 1m,,,,,,,,,,,
58871.320032,14.326285400000002,0.00871678472603861,i,Siding Spring 1m,,,,,,,,,,,
58872.2899742,14.3502854,0.008061161413989923,i,Siding Spring 1m,,,,,,,,,,,
58873.0907231,14.494785400000001,0.008061161413989923,i,Siding Spring 1m,,,,,,,,,,,
58873.097142,14.4258854,0.00871678472603861,i,Siding Spring 1m,,,,,,,,,,,
58873.0977911,14.416385400000001,0.008061161413989923,i,Siding Spring 1m,,,,,,,,,,,
58874.2850725,14.5606854,0.00871678472603861,i,Siding Spring 1m,,,,,,,,,,,
58875.2567452,14.7613854,0.00871678472603861,i,Siding Spring 1m,,,,,,,,,,,
58876.0324363,14.8083854,0.009433050443250053,i,Siding Spring 1m,,,,,,,,,,,
58876.0330854,14.802685400000001,0.009433050443250053,i,Siding Spring 1m,,,,,,,,,,,
58876.3376064,14.801085400000002,0.018137902696838914,i,Siding Spring 1m,,,,,,,,,,,
58877.0298859,14.9061854,0.010197161518775703,i,Siding Spring 1m,,,,,,,,,,,
58877.03053,14.9495854,0.010197161518775703,i,Siding Spring 1m,,,,,,,,,,,
58877.266107,14.894785400000002,0.015361701994245198,i,Siding Spring 1m,,,,,,,,,,,
58878.0651745,14.9515854,0.012687876405845068,i,Siding Spring 1m,,,,,,,,,,,
58878.0658239,14.9530854,0.01099921846132715,i,Siding Spring 1m,,,,,,,,,,,
58878.3427123,15.0385854,0.010197161518775703,i,Siding Spring 1m,,,,,,,,,,,
58880.1216929,15.282185400000001,0.016278328673730604,i,Siding Spring 1m,,,,,,,,,,,
58880.1223405,15.2465854,0.01445618355721869,i,Siding Spring 1m,,,,,,,,,,,
58881.9968819,15.4538854,0.011831390539154728,i,Siding Spring 1m,,,,,,,,,,,
58882.0925954,15.4829854,0.012687876405845068,i,Siding Spring 1m,,,,,,,,,,,
58882.0932431,15.5117854,0.012687876405845068,i,Siding Spring 1m,,,,,,,,,,,
58883.1214109,15.5430854,0.013563974574216807,i,Siding Spring 1m,,,,,,,,,,,
58883.1220631,15.509885400000002,0.013563974574216807,i,Siding Spring 1m,,,,,,,,,,,
58883.99987769999,15.6058854,0.01445618355721869,i,Siding Spring 1m,,,,,,,,,,,
58884.00088099999,15.6423854,0.015361701994245198,i,Siding Spring 1m,,,,,,,,,,,
58884.3728344,15.6964854,0.01445618355721869,i,Siding Spring 1m,,,,,,,,,,,
58857.3,15.666890270529446,0.007990191119354827,r,Synthetic,Synthetic,0.0,,,,,,,,,
58864.6,13.817078054105396,0.009087893872435665,r,Synthetic,Synthetic,0.0,,,,,,,,,
58868.6,13.925931759562017,0.007611495549019477,r,Synthetic,Synthetic,0.0,,,,,,,,,
58870.5,14.090100121804912,0.007195038156043403,r,Synthetic,Synthetic,0.0,,,,,,,,,
58872.4,14.291628618443374,0.007243287026456612,r,Synthetic,Synthetic,0.0,,,,,,,,,
58875.0,14.612727887816181,0.007561874490534485,r,Synthetic,Synthetic,0.0,,,,,,,,,
58876.7,14.84004623269726,0.008025982041999174,r,Synthetic,Synthetic,0.0,,,,,,,,,
58879.4,15.190384381107851,0.0086424822810488,r,Synthetic,Synthetic,0.0,,,,,,,,,
58880.3,15.295584818330028,0.008558468647072087,r,Synthetic,Synthetic,0.0,,,,,,,,,
58880.4,15.306768014612464,0.008539497275279017,r,Synthetic,Synthetic,0.0,,,,,,,,,
58892.0,16.10022229524514,0.01432869862241848,r,Synthetic,Synthetic,0.0,,,,,,,,,
58895.0,16.228252522540874,0.011394398174167188,r,Synthetic,Synthetic,0.0,,,,,,,,,
58995.6,16.4875745531656,0.039904038744410335,r,Synthetic,Synthetic,0.0,,,,,,,,,
58872.3515,14.332043532080068,0.002009975124224178,r,Swope,,0.0,,,,,,,,,
58883.37303000001,15.672302837056101,0.005003998401278721,r,Swope,,0.0,,,,,,,,,
58896.28917999999,16.247188419455536,0.01000199980003999,r,Swope,,0.0,,,,,,,,,
58905.28259000001,16.500404150943197,0.006003332407921454,r,Swope,,0.0,,,,,,,,,
58885.35286,15.702579285612474,0.006003332407921454,r,Swope,,0.0,,,,,,,,,
58884.36852,15.590346959943785,0.007002856560004538,r,Swope,,0.0,,,,,,,,,
58894.3075,16.2576711987624,0.006003332407921454,r,Swope,,0.0,,,,,,,,,
58870.31492,13.958533607756465,0.004004996878900157,r,Swope,,0.0,,,,,,,,,
58882.31522999997,15.601527017526148,0.007002856560004538,r,Swope,,0.0,,,,,,,,,
58910.24226,16.665440583676347,0.011001818031580053,r,Swope,,0.0,,,,,,,,,
58874.3739,14.550799807583811,0.004004996878900157,r,Swope,,0.0,,,,,,,,,
58882.31679000001,15.579535698649213,0.005003998401278721,r,Swope,,0.0,,,,,,,,,
58908.29822999997,16.682549313136786,0.008002499609497022,r,Swope,,0.0,,,,,,,,,
58876.36138,14.764894998569224,0.005003998401278721,r,Swope,,0.0,,,,,,,,,
58869.34554,14.022959648710401,0.005003998401278721,r,Swope,,0.0,,,,,,,,,
58875.37484999999,14.606256570049036,0.004004996878900157,r,Swope,,0.0,,,,,,,,,
58871.35000999999,14.065290795750688,0.0030066592756745818,r,Swope,,0.0,,,,,,,,,
58893.28775000001,16.24987397117911,0.006003332407921454,r,Swope,,0.0,,,,,,,,,
58895.23958,16.828256159354375,0.2550000784313605,r,Swope,,0.0,,,,,,,,,
58903.26840999999,16.516665343082806,0.023000869548780105,r,Swope,,0.0,,,,,,,,,
58904.32081000003,16.46565969861533,0.01000199980003999,r,Swope,,0.0,,,,,,,,,
58904.31957000003,16.593096361300432,0.021000952359357422,r,Swope,,0.0,,,,,,,,,
58908.29688,16.727226163522488,0.012001666550941998,r,Swope,,0.0,,,,,,,,,
58897.30924,16.42310038441836,0.014001428498549712,r,Swope,,0.0,,,,,,,,,
58903.26971000001,16.43137603038844,0.01000199980003999,r,Swope,,0.0,,,,,,,,,
58907.35806000001,16.61627226370803,0.008002499609497022,r,Swope,,0.0,,,,,,,,,
58895.28439000001,16.183972057904416,0.009002221947941518,r,Swope,,0.0,,,,,,,,,
58906.27355000001,16.512097344936926,0.006003332407921454,r,Swope,,0.0,,,,,,,,,
58869.34682000001,13.8969316798902,0.0030066592756745818,r,Swope,,0.0,,,,,,,,,
58911.19578,16.684025380821506,0.008002499609497022,r,Swope,,0.0,,,,,,,,,
58909.35484,16.642790660284714,0.008002499609497022,r,Swope,,0.0,,,,,,,,,
58905.28134,16.613961008605532,0.013001538370516005,r,Swope,,0.0,,,,,,,,,
58859.481,14.7129083,0.03300060605504087,r,P48,ZTF-Cam,0.0,123738.293,3752.987,None,56.769,,,,,
58867.482,13.8039083,0.02000099997500125,r,P48,ZTF-Cam,0.0,285858.558,5358.853,None,55.86,,,,,
58871.502,14.1139083,0.035000571423906786,r,P48,ZTF-Cam,0.0,214781.334,6827.267,None,56.17,,,,,
58875.52099999999,14.6209083,0.025000799987200412,r,P48,ZTF-Cam,0.0,134689.661,3087.184,None,56.677,,,,,
58878.361,15.0009083,0.023000869548780105,r,P48,ZTF-Cam,0.0,94923.448,2046.165,None,57.057,,,,,
58881.539,15.334908299999999,0.03300060605504087,r,P48,ZTF-Cam,0.0,69748.497,2128.91,None,57.39100000000001,,,,,
58884.516,15.573908300000001,0.027000740730579967,r,P48,ZTF-Cam,0.0,55984.261,1379.149,None,57.63,,,,,
58887.516,15.7799083,0.02900068964697219,r,P48,ZTF-Cam,0.0,46282.002,1237.739,None,57.83600000000001,,,,,
58892.317,16.032908300000003,0.0320006249938966,r,P48,ZTF-Cam,0.0,36675.889,1068.937,None,58.089,,,,,
58895.442,16.125908300000003,0.034000588230205665,r,P48,ZTF-Cam,0.0,33658.58,1064.635,None,58.182,,,,,
58898.374,16.2449083,0.035000571423906786,r,P48,ZTF-Cam,0.0,30159.563,972.185,None,58.301,,,,,
58899.441,16.3239083,0.0320006249938966,r,P48,ZTF-Cam,0.0,28042.089,830.201,None,58.38,,,,,
58900.438,16.3369083,0.049000408161565354,r,P48,ZTF-Cam,0.0,27728.819,1240.92,None,58.393,,,,,
58901.419,16.3719083,0.056000357141718304,r,P48,ZTF-Cam,0.0,26852.176,1391.2120000000002,None,58.428,,,,,
58904.471,16.4409083,0.028000714276603732,r,P48,ZTF-Cam,0.0,25177.401,647.408,None,58.497,,,,,
58908.45,16.5819083,0.042000476187776734,r,P48,ZTF-Cam,0.0,22127.511,845.7869999999997,None,58.63800000000001,,,,,
58911.446,16.6649083,0.039000512817141265,r,P48,ZTF-Cam,0.0,20495.246,740.659,None,58.721,,,,,
58912.447,16.7529083,0.046000434780553975,r,P48,ZTF-Cam,0.0,18898.173,801.56,None,58.809,,,,,
58913.445,16.767908300000002,0.046000434780553975,r,P48,ZTF-Cam,0.0,18645.572,790.757,None,58.824,,,,,
58855.542,17.2239083,0.056000357141718304,r,P48,ZTF-Cam,0.0,12247.29,633.913,None,59.28,,,,,
58869.569,13.8999083,0.0030066592756745818,r,Pan-STARRS1,GPC1,0.0,261529.088,796.075,None,52.956,,,,,
58900.38200000001,16.4009083,0.3040000657894666,r,Nickel,Direct/2Kx2K,0.0,26127.813,7315.755999999998,None,55.457,,,,,
58864.33797068,13.8935083,0.015190916633304258,r,Thacher,,0.0,,,,52.9496,,,,,
58865.4571913567,13.830808300000001,0.018368088877180447,r,Thacher,,0.0,,,,52.8869,,,,,
58866.3240895067,13.8459083,0.01247310355324608,r,Thacher,,0.0,,,,52.902,,,,,
58867.3505439833,13.8463083,0.01312732362821902,r,Thacher,,0.0,,,,52.9024,,,,,
58871.3366512333,14.1528083,0.011449646912023097,r,Thacher,,0.0,,,,53.2089,,,,,
58872.3320023133,14.2674083,0.013746754965809205,r,Thacher,,0.0,,,,53.3235,,,,,
58873.4009104933,14.365808300000001,0.011766099921384315,r,Thacher,,0.0,,,,53.4219,,,,,
58874.28824073999,14.5283083,0.016642701771347104,r,Thacher,,0.0,,,,53.5844,,,,,
58876.28772376669,14.7252083,0.023471152125321842,r,Thacher,,0.0,,,,53.7813,,,,,
58878.2846026233,14.869608300000001,0.022624983995795444,r,Thacher,,0.0,,,,53.9257,,,,,
58880.2858179033,15.3002083,0.0161982347495028,r,Thacher,,0.0,,,,54.3563,,,,,
58881.28204861,15.3831083,0.013874041615909908,r,Thacher,,0.0,,,,54.4392,,,,,
58886.2821604933,15.7776083,0.02333035726794598,r,Thacher,,0.0,,,,54.8337,,,,,
58890.2810300933,15.8797083,0.05612165636980078,r,Thacher,,0.0,,,,54.9358,,,,,
58892.2660763867,16.1265083,0.023882337453649715,r,Thacher,,0.0,,,,55.1826,,,,,
58893.24913193999,16.1644083,0.01737895085556087,r,Thacher,,0.0,,,,55.2205,,,,,
58894.25668403,16.2741083,0.014858146123928011,r,Thacher,,0.0,,,,55.33020000000001,,,,,
58898.2417476867,16.4383083,0.01842308562646334,r,Thacher,,0.0,,,,55.4944,,,,,
58899.23435957,16.3232083,0.027886417204259138,r,Thacher,,0.0,,,,55.3793,,,,,
58900.3444868833,16.3779083,0.01818230000412489,r,Thacher,,0.0,,,,55.434,,,,,
58902.2620023133,16.2868083,0.024639911704590175,r,Thacher,,0.0,,,,55.3429,,,,,
58903.29211033999,16.5166083,0.024972800884161955,r,Thacher,,0.0,,,,55.5727,,,,,
58905.5724498467,16.5480083,0.06117732691937431,r,Thacher,,0.0,,,,55.6041,,,,,
58915.40365739582,16.838626470166,0.04649609873567363,r,ZTF-Cam,,0.0,,,,,,ZTF - P48,,,True
58936.41288189816,17.5375743766602,0.057779494365614914,r,ZTF-Cam,,0.0,,,,,,ZTF - P48,,,True
58965.28668980325,18.456920232373,0.0743994420794409,r,ZTF-Cam,,0.0,,,,,,ZTF - P48,,,True
58856.4111962963,16.716859703208403,1.0860000184162062,r,Sinistro,,0.0,,,,,27.5,UCSC - Siding Spring 1m,19535.2709294508,19535.2709294508,False
58857.30337739582,17.1156358098459,1.0860000184162062,r,Sinistro,,0.0,,,,,27.5,UCSC - Siding Spring 1m,13530.3489123351,13530.3489123351,False
58858.30139189815,15.144108300000001,0.02932887785101912,r,Sinistro,,0.0,,,,,27.5,UCSC - Siding Spring 1m,2246.68884416564,83193.1187076276,False
58864.754942997686,13.8174083,0.011239612982660971,r,Sinistro,,0.0,,,,,27.5,UCSC - Siding Spring 1m,2920.4776578116303,282228.666108658,False
58868.27386299769,13.7715083,0.00777722116182895,r,Sinistro,,0.0,,,,,27.5,UCSC - Siding Spring 1m,2107.90071575097,294441.60640817,False
58929.49972540508,17.2879033829843,1.0860000184162062,r,Sinistro,,0.0,,,,,27.5,UCSC - Siding Spring 1m,11545.2134543528,11545.2134543528,False
58935.64023049769,16.790756450964302,1.0860000184162062,r,Sinistro,,0.0,,,,,27.5,UCSC - Siding Spring 1m,18249.9105275135,18249.9105275135,False
58943.46105379631,16.4341602314404,1.0860000184162062,r,Sinistro,,0.0,,,,,27.5,UCSC - Siding Spring 1m,25345.4045400376,25345.4045400376,False
58884.37146019676,18.4752246497397,1.0860000184162062,r,Sinistro,,0.0,,,,,27.5,UCSC - Siding Spring 1m,3867.88417128067,3867.88417128067,False
58919.14316930557,16.6794670423005,1.0860000184162062,r,Sinistro,,0.0,,,,,27.5,UCSC - Siding Spring 1m,20219.7835901604,20219.7835901604,False
58910.1600095949,17.591773395290602,1.0860000184162062,r,Sinistro,,0.0,,,,,27.5,UCSC - Siding Spring 1m,8726.778678553159,8726.778678553159,False
58923.14202349538,17.5121362182981,1.0860000184162062,r,Sinistro,,0.0,,,,,27.5,UCSC - Siding Spring 1m,9390.93495939774,9390.93495939774,False
58902.23893349538,16.8110808026962,1.0860000184162062,r,Sinistro,,0.0,,,,,27.5,UCSC - Siding Spring 1m,17911.4604698285,17911.4604698285,False
58914.26766090276,17.4472211507574,1.0860000184162062,r,Sinistro,,0.0,,,,,27.5,UCSC - Siding Spring 1m,9969.53402019422,9969.53402019422,False
58952.44330900464,18.0202483744165,1.0860000184162062,r,Sinistro,,0.0,,,,,27.5,UCSC - Siding Spring 1m,5881.17320963084,5881.17320963084,False
58895.29198379631,16.6606845300203,1.0860000184162062,r,Sinistro,,0.0,,,,,27.5,UCSC - Siding Spring 1m,20572.6154406412,20572.6154406412,False
58857.31849260418,17.3026643829792,1.0860000184162062,r,Sinistro,,0.0,,,,,27.5,UCSC - Siding Spring 1m,11389.314008456102,11389.314008456102,False
58857.34790329861,17.5034469871444,1.0860000184162062,r,Sinistro,,0.0,,,,,27.5,UCSC - Siding Spring 1m,9466.392886152673,9466.392886152673,False
58856.30783010418,16.7868401042692,1.0860000184162062,r,Sinistro,,0.0,,,,,27.5,UCSC - Siding Spring 1m,18315.8584403457,18315.8584403457,False
58860.42249140046,-13.106612349279196,1.0860000184162062,r,Sinistro,,0.0,,,,,27.5,UCSC - Siding Spring 1m,1.66038292946475e+16,1.66038292946475e+16,False
58959.34036769675,17.8041306018072,1.0860000184162062,r,Sinistro,,0.0,,,,,27.5,UCSC - Siding Spring 1m,7176.47339707001,7176.47339707001,False
58966.35133510416,16.8588023318044,1.0860000184162062,r,Sinistro,,0.0,,,,,27.5,UCSC - Siding Spring 1m,17141.245984453002,17141.245984453002,False
58974.11242700232,17.1025894154169,1.0860000184162062,r,Sinistro,,0.0,,,,,27.5,UCSC - Siding Spring 1m,13693.9126672668,13693.9126672668,False
58980.763103194426,17.1298007487427,1.0860000184162062,r,Sinistro,,0.0,,,,,27.5,UCSC - Siding Spring 1m,13354.9731896089,13354.9731896089,False
58988.316112303255,17.184694809844903,1.0860000184162062,r,Sinistro,,0.0,,,,,27.5,UCSC - Siding Spring 1m,12696.5403164839,12696.5403164839,False
58996.503663101845,17.4544155317808,1.0860000184162062,r,Sinistro,,0.0,,,,,27.5,UCSC - Siding Spring 1m,9903.69158379315,9903.69158379315,False
59002.74630390047,18.81164211459361,1.0860000184162062,r,Sinistro,,0.0,,,,,27.5,UCSC - Siding Spring 1m,2837.30794497702,2837.30794497702,False
59007.71042579861,18.770940033334803,1.0860000184162062,r,Sinistro,,0.0,,,,,27.5,UCSC - Siding Spring 1m,2945.69180592854,2945.69180592854,False
59014.80013549769,19.0060549189853,1.0860000184162062,r,Sinistro,,0.0,,,,,27.5,UCSC - Siding Spring 1m,2372.14565637267,2372.14565637267,False
59032.3434425,20.30840292993161,1.0860000184162062,r,Sinistro,,0.0,,,,,27.5,UCSC - Siding Spring 1m,714.8289751154332,714.8289751154332,False
59038.71726640048,19.6133234369467,1.0860000184162062,r,Sinistro,,0.0,,,,,27.5,UCSC - Siding Spring 1m,1355.9196207854902,1355.9196207854902,False
59202.09551189815,18.7371722950122,1.0860000184162062,r,Sinistro,,0.0,,,,,27.5,UCSC - Siding Spring 1m,3038.74601272938,3038.74601272938,False
59208.07333239582,18.4965567915632,1.0860000184162062,r,Sinistro,,0.0,,,,,27.5,UCSC - Siding Spring 1m,3792.63111209755,3792.63111209755,False
59214.05229620369,18.2388378509198,1.0860000184162062,r,Sinistro,,0.0,,,,,27.5,UCSC - Siding Spring 1m,4808.705492042679,4808.705492042679,False
59220.37174260418,18.1529880788658,1.0860000184162062,r,Sinistro,,0.0,,,,,27.5,UCSC - Siding Spring 1m,5204.36908555452,5204.36908555452,False
59226.10814409723,17.8659228013892,1.0860000184162062,r,Sinistro,,0.0,,,,,27.5,UCSC - Siding Spring 1m,6779.44590050698,6779.44590050698,False
59227.71533390047,18.6432713936169,1.0860000184162062,r,Sinistro,,0.0,,,,,27.5,UCSC - Siding Spring 1m,3313.25424108062,3313.25424108062,False
59232.375659305566,16.867200854036,1.0860000184162062,r,Sinistro,,0.0,,,,,27.5,UCSC - Siding Spring 1m,17009.1643842782,17009.1643842782,False
59236.0626307986,18.0551273318544,1.0860000184162062,r,Sinistro,,0.0,,,,,27.5,UCSC - Siding Spring 1m,5695.2446828103,5695.2446828103,False
59245.42349489582,18.5687515496316,1.0860000184162062,r,Sinistro,,0.0,,,,,27.5,UCSC - Siding Spring 1m,3548.6461820081104,3548.6461820081104,False
59252.058104803225,18.0803246676221,1.0860000184162062,r,Sinistro,,0.0,,,,,27.5,UCSC - Siding Spring 1m,5564.59361322265,5564.59361322265,False
58880.12087890048,17.576771835913302,1.0860000184162062,r,Sinistro,,0.0,,,,,27.5,UCSC - Siding Spring 1m,8848.192971104829,8848.192971104829,False
58877.02907379631,18.2297999910591,1.0860000184162062,r,Sinistro,,0.0,,,,,27.5,UCSC - Siding Spring 1m,4848.901071006239,4848.901071006239,False
58871.318571203694,14.1323083,0.012221569293670942,r,Sinistro,,0.0,,,,,27.5,UCSC - Siding Spring 1m,2376.7472948256,211224.367479695,False
59257.333271805546,19.1119200335559,1.0860000184162062,r,Sinistro,,0.0,,,,,27.5,UCSC - Siding Spring 1m,2151.76731605528,2151.76731605528,False
59262.22555109952,18.5266000157137,1.0860000184162062,r,Sinistro,,0.0,,,,,27.5,UCSC - Siding Spring 1m,3689.1245147613,3689.1245147613,False
59267.12203140046,17.2887507454402,1.0860000184162062,r,Sinistro,,0.0,,,,,27.5,UCSC - Siding Spring 1m,11536.2065115844,11536.2065115844,False
58897.31029,16.1874083,0.07513508502024872,r,Direct/4Kx4K,,0.0,,,,,27.5,UCSC - Swope,2201.9123147776,31826.479533781,False
58912.26564,16.4592083,0.1141355345586988,r,Direct/4Kx4K,,0.0,,,,,27.5,UCSC - Swope,2603.90318294178,24776.185691419,False
58942.51446837963,17.4913083,0.03863061772752282,r,GPC1,,0.0,,,,,27.5,YSE - Pan-STARRS1,340.597544321202,9572.82236186912,True
58976.4222835648,18.2340083,0.1568131275403944,r,GPC1,,0.0,,,,,27.5,YSE - Pan-STARRS1,697.618105484533,4830.14312728749,True
58880.441253125,18.346462758383602,1.0860000184162062,r,Direct/2Kx2K,,0.0,,,,,27.5,UCSC - Nickel,4354.9002981800295,4354.9002981800295,False
58904.348038773154,19.0090348434467,1.0860000184162062,r,Direct/2Kx2K,,0.0,,,,,27.5,UCSC - Nickel,2365.64396366996,2365.64396366996,False
58895.43777175926,19.281018648567706,1.0860000184162062,r,Direct/2Kx2K,,0.0,,,,,27.5,UCSC - Nickel,1841.4327403897305,1841.4327403897305,False
58895.427543981474,16.2594083,0.16637442712147849,r,Direct/2Kx2K,,0.0,,,,,27.5,UCSC - Nickel,4561.26434122859,29773.4257563846,False
58963.206069097214,19.38797298520469,1.0860000184162062,r,Direct/2Kx2K,,0.0,,,,,27.5,UCSC - Nickel,1668.6840927524402,1668.6840927524402,False
58954.17933101853,19.832144433882803,1.0860000184162062,r,Direct/2Kx2K,,0.0,,,,,27.5,UCSC - Nickel,1108.42304478003,1108.42304478003,False
58868.27386299769,13.7715083,0.00777722116182895,r,Sinistro,,0.0,,,,,27.5,Unknown - Siding Spring 1m,2107.90071575097,294441.60640817,False
58929.49972540508,13.352023264785,1.0860000184162062,r,Sinistro,,0.0,,,,,27.5,Unknown - Siding Spring 1m,433265.405834119,433265.405834119,False
58856.4111962963,16.8893083,0.28314672617567016,r,Sinistro,,0.0,,,,,27.5,Unknown - Siding Spring 1m,4344.425274752121,16662.9050919487,False
58857.30337739582,15.4677083,0.014376892049396493,r,Sinistro,,0.0,,,,,27.5,Unknown - Siding Spring 1m,816.789127146273,61704.4929889869,False
58935.64023049769,16.7907564507792,0.36200005524861456,r,Sinistro,,0.0,,,,,27.5,Unknown - Siding Spring 1m,6083.30351020841,18249.9105306252,False
58864.754942997686,13.8174083,0.011239612982660971,r,Sinistro,,0.0,,,,,27.5,Unknown - Siding Spring 1m,2920.4776578116303,282228.666108658,False
58943.46105379631,16.4329925717411,0.36200005524861456,r,Sinistro,,0.0,,,,,27.5,Unknown - Siding Spring 1m,8457.55900918193,25372.6770275458,False
58856.3078301,16.2564083,0.02033298364726633,r,Siding Spring 1m,,,,,,,,,,,
58856.3330164,16.4266083,0.016656200797300683,r,Siding Spring 1m,,,,,,,,,,,
58856.334712,16.4249083,0.017562138850379244,r,Siding Spring 1m,,,,,,,,,,,
58856.36874430001,15.8151083,0.02033298364726633,r,Siding Spring 1m,,,,,,,,,,,
58856.4111963,16.0646083,0.019401730863250317,r,Siding Spring 1m,,,,,,,,,,,
58856.69751290001,16.1897083,0.025068497826754594,r,Siding Spring 1m,,,,,,,,,,,
58856.7354329,16.0127083,0.015761668952239696,r,Siding Spring 1m,,,,,,,,,,,
58856.7371386,16.0174083,0.015761668952239696,r,Siding Spring 1m,,,,,,,,,,,
58857.30337740001,15.7185083,0.013169218780550348,r,Siding Spring 1m,,,,,,,,,,,
58857.3184926,15.7847083,0.012346220035298153,r,Siding Spring 1m,,,,,,,,,,,
58857.3479033,15.7517083,0.012346220035298153,r,Siding Spring 1m,,,,,,,,,,,
58857.3658834,15.9331083,0.17714811289991209,r,Siding Spring 1m,,,,,,,,,,,
58857.71860680001,15.5142083,0.014015327081805832,r,Siding Spring 1m,,,,,,,,,,,
58857.7202993,15.3656083,0.014015327081805832,r,Siding Spring 1m,,,,,,,,,,,
58858.3010161,15.2458083,0.0094036470749598,r,Siding Spring 1m,,,,,,,,,,,
58858.3013919,15.234808300000001,0.008799353187956488,r,Siding Spring 1m,,,,,,,,,,,
58858.3075632,15.2680083,0.0094036470749598,r,Siding Spring 1m,,,,,,,,,,,
58858.3396234,15.1854083,0.010790253683764808,r,Siding Spring 1m,,,,,,,,,,,
58859.0519359,15.0741083,0.008799353187956488,r,Siding Spring 1m,,,,,,,,,,,
58859.2983551,14.850608300000001,0.008799353187956488,r,Siding Spring 1m,,,,,,,,,,,
58859.6899827,14.729408300000001,0.0094036470749598,r,Siding Spring 1m,,,,,,,,,,,
58860.04928099999,14.6007083,0.008272158102188327,r,Siding Spring 1m,,,,,,,,,,,
58860.0760803,14.5963083,0.00783764220337341,r,Siding Spring 1m,,,,,,,,,,,
58860.0777727,14.5852083,0.00783764220337341,r,Siding Spring 1m,,,,,,,,,,,
58861.05171740001,14.315508300000001,0.008272158102188327,r,Siding Spring 1m,,,,,,,,,,,
58861.29286059999,14.2708083,0.00783764220337341,r,Siding Spring 1m,,,,,,,,,,,
58861.34990750001,14.2773083,0.00783764220337341,r,Siding Spring 1m,,,,,,,,,,,
58861.3509095,14.3261083,0.00783764220337341,r,Siding Spring 1m,,,,,,,,,,,
58861.6845061,14.2490083,0.008799353187956488,r,Siding Spring 1m,,,,,,,,,,,
58862.364997,14.1411083,0.00783764220337341,r,Siding Spring 1m,,,,,,,,,,,
58862.36600549999,14.1551083,0.00783764220337341,r,Siding Spring 1m,,,,,,,,,,,
58864.31037130001,13.847608300000001,0.03280900959431723,r,Siding Spring 1m,,,,,,,,,,,
58864.75494299999,13.8946083,0.00783764220337341,r,Siding Spring 1m,,,,,,,,,,,
58866.30501519999,13.7722083,0.008799353187956488,r,Siding Spring 1m,,,,,,,,,,,
58867.3022233,13.8363083,0.00783764220337341,r,Siding Spring 1m,,,,,,,,,,,
58867.4000726,13.8311083,0.00751190291321713,r,Siding Spring 1m,,,,,,,,,,,
58867.40072760001,13.8654083,0.00783764220337341,r,Siding Spring 1m,,,,,,,,,,,
58868.273863,13.9536083,0.00783764220337341,r,Siding Spring 1m,,,,,,,,,,,
58869.2713132,14.0919083,0.00783764220337341,r,Siding Spring 1m,,,,,,,,,,,
58869.3597977,13.9523083,0.00783764220337341,r,Siding Spring 1m,,,,,,,,,,,
58869.3604354,13.9433083,0.00783764220337341,r,Siding Spring 1m,,,,,,,,,,,
58870.2682439,14.2741083,0.00783764220337341,r,Siding Spring 1m,,,,,,,,,,,
58871.266337,14.275908300000001,0.008272158102188327,r,Siding Spring 1m,,,,,,,,,,,
58871.31788709999,14.1900083,0.008272158102188327,r,Siding Spring 1m,,,,,,,,,,,
58871.3185712,14.1996083,0.008799353187956488,r,Siding Spring 1m,,,,,,,,,,,
58872.2886245,14.2300083,0.008272158102188327,r,Siding Spring 1m,,,,,,,,,,,
58873.08939,14.3649083,0.008799353187956488,r,Siding Spring 1m,,,,,,,,,,,
58873.09568969999,14.4112083,0.008799353187956488,r,Siding Spring 1m,,,,,,,,,,,
58873.0963314,14.4334083,0.008799353187956488,r,Siding Spring 1m,,,,,,,,,,,
58874.28369809999,14.4921083,0.0094036470749598,r,Siding Spring 1m,,,,,,,,,,,
58875.2553907,14.7357083,0.008799353187956488,r,Siding Spring 1m,,,,,,,,,,,
58876.0309755,14.812908300000002,0.010071186059248435,r,Siding Spring 1m,,,,,,,,,,,
58876.0316247,14.7940083,0.0094036470749598,r,Siding Spring 1m,,,,,,,,,,,
58876.33627030001,14.894108300000001,0.013169218780550348,r,Siding Spring 1m,,,,,,,,,,,
58877.0284221,14.8932083,0.010071186059248435,r,Siding Spring 1m,,,,,,,,,,,
58877.0290738,14.910008300000001,0.010071186059248435,r,Siding Spring 1m,,,,,,,,,,,
58877.2581569,14.9545083,0.011551131561886047,r,Siding Spring 1m,,,,,,,,,,,
58877.2647556,14.9204083,0.011551131561886047,r,Siding Spring 1m,,,,,,,,,,,
58878.3413857,15.0994083,0.0094036470749598,r,Siding Spring 1m,,,,,,,,,,,
58880.12023099999,15.234708300000001,0.014015327081805832,r,Siding Spring 1m,,,,,,,,,,,
58880.1208789,15.2891083,0.013169218780550348,r,Siding Spring 1m,,,,,,,,,,,
58881.99552230001,15.5394083,0.012346220035298153,r,Siding Spring 1m,,,,,,,,,,,
58882.0910827,15.4759083,0.012346220035298153,r,Siding Spring 1m,,,,,,,,,,,
58882.0917389,15.4753083,0.012346220035298153,r,Siding Spring 1m,,,,,,,,,,,
58883.0119796,15.509208300000001,0.014880444106611872,r,Siding Spring 1m,,,,,,,,,,,
58883.11994630001,15.6157083,0.012346220035298153,r,Siding Spring 1m,,,,,,,,,,,
58883.1205983,15.5561083,0.012346220035298153,r,Siding Spring 1m,,,,,,,,,,,
58883.99770959999,15.6628083,0.014880444106611872,r,Siding Spring 1m,,,,,,,,,,,
58883.9987053,15.6908083,0.014015327081805832,r,Siding Spring 1m,,,,,,,,,,,
58884.3714602,15.6911083,0.011551131561886047,r,Siding Spring 1m,,,,,,,,,,,
58882.32175000001,18.517791374697346,0.04100048780197621,u,Swope,,0.0,,,,,,,,,
58904.32738,19.131511706561042,0.06600030302960737,u,Swope,,0.0,,,,,,,,,
58911.20412999999,19.080514422645642,0.08900022471881743,u,Swope,,0.0,,,,,,,,,
58912.27400000001,19.324089064789106,0.11100018018003394,u,Swope,,0.0,,,,,,,,,
58910.25044999999,19.11499313453081,0.0920002173910475,u,Swope,,0.0,,,,,,,,,
58896.29452999997,18.901894774901304,0.11000018181803155,u,Swope,,0.0,,,,,,,,,
58905.29418,19.179841265959165,0.068000294117011,u,Swope,,0.0,,,,,,,,,
58872.35487000001,16.639825483836617,0.0002,u,Swope,,0.0,,,,,,,,,
58903.27644,19.07498221231222,0.09500021052608251,u,Swope,,0.0,,,,,,,,,
58907.36594,18.908851467284997,0.07400027026977671,u,Swope,,0.0,,,,,,,,,
58909.36148999999,19.12284659503404,0.06600030302960737,u,Swope,,0.0,,,,,,,,,
58908.31056000001,19.173706900593107,0.1000001999998,u,Swope,,0.0,,,,,,,,,
58906.28275000001,19.29722817108921,0.07700025973982166,u,Swope,,0.0,,,,,,,,,
58893.29360999999,17.064091321345867,0.0002,u,Swope,,0.0,,,,,,,,,
58876.36632000001,17.992252067050707,0.031000645154577025,u,Swope,,0.0,,,,,,,,,
58885.35848,18.645383390537347,0.06900028985446366,u,Swope,,0.0,,,,,,,,,
58895.28938,19.07336490633118,0.08500023529379198,u,Swope,,0.0,,,,,,,,,
58857.301418298615,15.9339578,0.08980356340368686,u,Sinistro,,0.0,,,,,27.5,UCSC - Siding Spring 1m,3164.7232124748,38271.2868156719,False
58861.04904650463,15.252568928921999,1.0860000184162062,u,Sinistro,,0.0,,,,,27.5,UCSC - Siding Spring 1m,71699.4044644808,71699.4044644808,False
58929.4969775,16.8154589135926,1.0860000184162062,u,Sinistro,,0.0,,,,,27.5,UCSC - Siding Spring 1m,16996.5021900485,16996.5021900485,False
58935.6176117014,15.410947925151799,1.0860000184162062,u,Sinistro,,0.0,,,,,27.5,UCSC - Siding Spring 1m,61967.49636079031,61967.49636079031,False
58935.63823969906,15.5250739708339,1.0860000184162062,u,Sinistro,,0.0,,,,,27.5,UCSC - Siding Spring 1m,55784.4983100328,55784.4983100328,False
58943.45874420138,15.1962400012832,1.0860000184162062,u,Sinistro,,0.0,,,,,27.5,UCSC - Siding Spring 1m,75517.41570701731,75517.41570701731,False
58876.328744201375,14.5503433194681,1.0860000184162062,u,Sinistro,,0.0,,,,,27.5,UCSC - Siding Spring 1m,136900.73891164802,136900.73891164802,False
58902.2362787963,15.3329385634591,1.0860000184162062,u,Sinistro,,0.0,,,,,27.5,UCSC - Siding Spring 1m,66583.6646989163,66583.6646989163,False
58952.44129510416,16.6006428000905,1.0860000184162062,u,Sinistro,,0.0,,,,,27.5,UCSC - Siding Spring 1m,20715.0506711074,20715.0506711074,False
58919.139339097215,16.3369426799099,1.0860000184162062,u,Sinistro,,0.0,,,,,27.5,UCSC - Siding Spring 1m,26409.856901073,26409.856901073,False
58895.28822439815,15.9684047246157,1.0860000184162062,u,Sinistro,,0.0,,,,,27.5,UCSC - Siding Spring 1m,37083.5438330156,37083.5438330156,False
58910.15639540509,16.295957861304704,1.0860000184162062,u,Sinistro,,0.0,,,,,27.5,UCSC - Siding Spring 1m,27425.8423640034,27425.8423640034,False
58906.09869439816,16.1522381456238,1.0860000184162062,u,Sinistro,,0.0,,,,,27.5,UCSC - Siding Spring 1m,31307.46197327549,31307.46197327549,False
58923.137844097226,16.5314139078277,1.0860000184162062,u,Sinistro,,0.0,,,,,27.5,UCSC - Siding Spring 1m,22078.9063242284,22078.9063242284,False
58884.36816700232,16.247132162960202,1.0860000184162062,u,Sinistro,,0.0,,,,,27.5,UCSC - Siding Spring 1m,28687.3382924925,28687.3382924925,False
58860.41980019676,-11.2648524279801,1.0860000184162062,u,Sinistro,,0.0,,,,,27.5,UCSC - Siding Spring 1m,2900574944672380.0,2900574944672380.0,False
58966.346135,16.8527538464727,1.0860000184162062,u,Sinistro,,0.0,,,,,27.5,UCSC - Siding Spring 1m,16422.5873839846,16422.5873839846,False
58974.1101612037,16.1637979133356,1.0860000184162062,u,Sinistro,,0.0,,,,,27.5,UCSC - Siding Spring 1m,30975.901503175297,30975.901503175297,False
58980.75848819444,17.402044205029195,1.0860000184162062,u,Sinistro,,0.0,,,,,27.5,UCSC - Siding Spring 1m,9902.057365300809,9902.057365300809,False
58988.31293120369,16.5689864623887,1.0860000184162062,u,Sinistro,,0.0,,,,,27.5,UCSC - Siding Spring 1m,21327.9215709764,21327.9215709764,False
58996.500455196765,17.221712019017804,1.0860000184162062,u,Sinistro,,0.0,,,,,27.5,UCSC - Siding Spring 1m,11691.179066818,11691.179066818,False
59002.74310659723,18.711353391200305,1.0860000184162062,u,Sinistro,,0.0,,,,,27.5,UCSC - Siding Spring 1m,2964.843428705089,2964.843428705089,False
59007.704254305565,19.312971780492102,1.0860000184162062,u,Sinistro,,0.0,,,,,27.5,UCSC - Siding Spring 1m,1703.54812879178,1703.54812879178,False
59014.79388209488,19.543433966433902,1.0860000184162062,u,Sinistro,,0.0,,,,,27.5,UCSC - Siding Spring 1m,1377.74718840844,1377.74718840844,False
59026.33888719908,18.433993224804897,1.0860000184162062,u,Sinistro,,0.0,,,,,27.5,UCSC - Siding Spring 1m,3827.76996237185,3827.76996237185,False
59032.34021680556,19.8219075156457,1.0860000184162062,u,Sinistro,,0.0,,,,,27.5,UCSC - Siding Spring 1m,1066.05623302544,1066.05623302544,False
59202.09216739582,18.3540247060354,1.0860000184162062,u,Sinistro,,0.0,,,,,27.5,UCSC - Siding Spring 1m,4120.34173805628,4120.34173805628,False
59208.06814390048,18.3660088736456,1.0860000184162062,u,Sinistro,,0.0,,,,,27.5,UCSC - Siding Spring 1m,4075.11219885548,4075.11219885548,False
59213.44986959492,17.104487024630803,1.0860000184162062,u,Sinistro,,0.0,,,,,27.5,UCSC - Siding Spring 1m,13024.1176349419,13024.1176349419,False
59214.04850540508,17.261600334341402,1.0860000184162062,u,Sinistro,,0.0,,,,,27.5,UCSC - Siding Spring 1m,11269.4568824225,11269.4568824225,False
59220.36719239582,17.93166454173,1.0860000184162062,u,Sinistro,,0.0,,,,,27.5,UCSC - Siding Spring 1m,6079.632155047912,6079.632155047912,False
59226.1041625,18.2991848543579,1.0860000184162062,u,Sinistro,,0.0,,,,,27.5,UCSC - Siding Spring 1m,4333.80312353926,4333.80312353926,False
59227.71212269675,18.2688869776138,1.0860000184162062,u,Sinistro,,0.0,,,,,27.5,UCSC - Siding Spring 1m,4456.44272181613,4456.44272181613,False
59232.37050709489,17.6504866509799,1.0860000184162062,u,Sinistro,,0.0,,,,,27.5,UCSC - Siding Spring 1m,7876.775355105741,7876.775355105741,False
59236.05943780094,17.8156558187444,1.0860000184162062,u,Sinistro,,0.0,,,,,27.5,UCSC - Siding Spring 1m,6765.202372536801,6765.202372536801,False
59245.420293101866,18.2856880744301,1.0860000184162062,u,Sinistro,,0.0,,,,,27.5,UCSC - Siding Spring 1m,4388.01284516314,4388.01284516314,False
59252.05251640046,18.693325058507302,1.0860000184162062,u,Sinistro,,0.0,,,,,27.5,UCSC - Siding Spring 1m,3014.4847878000896,3014.4847878000896,False
59257.33005359952,18.262126753539,1.0860000184162062,u,Sinistro,,0.0,,,,,27.5,UCSC - Siding Spring 1m,4484.27686433752,4484.27686433752,False
59262.21783060184,18.079674757150304,1.0860000184162062,u,Sinistro,,0.0,,,,,27.5,UCSC - Siding Spring 1m,5304.85132952392,5304.85132952392,False
59267.11713299768,17.4336194936726,1.0860000184162062,u,Sinistro,,0.0,,,,,27.5,UCSC - Siding Spring 1m,9618.23364133609,9618.23364133609,False
58897.31652000001,17.9495578,0.021617606250461708,u,Direct/4Kx4K,,0.0,,,,,27.5,UCSC - Swope,118.98212982728998,5977.54080011934,False
58921.250620000006,17.971457800000003,0.0670824120019547,u,Direct/4Kx4K,,0.0,,,,,27.5,UCSC - Swope,361.909770668996,5858.99859631076,False
58935.63823969906,15.5250739706532,0.36200005524861456,u,Sinistro,,0.0,,,,,27.5,Unknown - Siding Spring 1m,18594.8327731063,55784.4983193189,False
58935.6176117014,15.410947924970099,0.36200005524861456,u,Sinistro,,0.0,,,,,27.5,Unknown - Siding Spring 1m,20655.832123719298,61967.4963711578,False
58929.4969775,17.4644578,0.0920066959519795,u,Sinistro,,0.0,,,,,27.5,Unknown - Siding Spring 1m,791.9997155393338,9348.3818138198,False
58943.45874420138,15.1961094419339,0.36200005524861456,u,Sinistro,,0.0,,,,,27.5,Unknown - Siding Spring 1m,25175.4990641356,75526.4971924068,False
58861.04904650463,14.6290578,0.030780675756064867,u,Sinistro,,0.0,,,,,27.5,Unknown - Siding Spring 1m,3609.11063845666,127338.88381133,False
58857.301418298615,15.9339578,0.08980356340368686,u,Sinistro,,0.0,,,,,27.5,Unknown - Siding Spring 1m,3164.7232124748,38271.2868156719,False
58857.3,15.711082870529447,0.40281473252978583,z,Synthetic,Synthetic,0.0,,,,,,,,,
58864.6,13.977931654105397,0.3504278672603595,z,Synthetic,Synthetic,0.0,,,,,,,,,
58868.6,13.983099059562017,0.3505586605222561,z,Synthetic,Synthetic,0.0,,,,,,,,,
58870.5,13.972113721804913,0.3502462033452892,z,Synthetic,Synthetic,0.0,,,,,,,,,
58880.4,14.894800614612464,0.37334789957586945,z,Synthetic,Synthetic,0.0,,,,,,,,,
58862.53465278001,14.233851900000001,0.02746452822168988,z,Thacher,,0.0,,,,68.2657,,,,,
58864.3432716033,13.991551900000001,0.0172704580857022,z,Thacher,,0.0,,,,68.0234,,,,,
58866.3293865733,13.9431519,0.03311930388293198,z,Thacher,,0.0,,,,67.975,,,,,
58867.3558526233,13.9326519,0.019357333227746014,z,Thacher,,0.0,,,,67.9645,,,,,
58871.34196759329,14.1593519,0.019956502204795307,z,Thacher,,0.0,,,,68.1912,,,,,
58872.3373109567,14.2152519,0.01759403678551344,z,Thacher,,0.0,,,,68.2471,,,,,
58873.4061998467,14.2618519,0.01606134527398001,z,Thacher,,0.0,,,,68.2937,,,,,
58874.2935416667,14.3896519,0.020775862677876938,z,Thacher,,0.0,,,,68.4215,,,,,
58876.2930015467,14.5063519,0.0384355203555253,z,Thacher,,0.0,,,,68.5382,,,,,
58878.28990355,14.6032519,0.046372331293671236,z,Thacher,,0.0,,,,68.6351,,,,,
58880.29112268669,14.919151900000001,0.02296707082847092,z,Thacher,,0.0,,,,68.95100000000001,,,,,
58881.2873379633,14.9738519,0.021663223243321848,z,Thacher,,0.0,,,,69.0057,,,,,
58886.28745370329,15.1951519,0.032459516157977465,z,Thacher,,0.0,,,,69.227,,,,,
58890.28629244,15.4538519,0.05349557386401234,z,Thacher,,0.0,,,,69.4857,,,,,
58892.27167438,15.382551900000001,0.034254183875258214,z,Thacher,,0.0,,,,69.4144,,,,,
58893.25444830001,15.467851900000001,0.03855811870099473,z,Thacher,,0.0,,,,69.4997,,,,,
58894.26197916671,15.397751900000001,0.02608106685107034,z,Thacher,,0.0,,,,69.4296,,,,,
58898.2470486133,15.486951900000001,0.031971225568626443,z,Thacher,,0.0,,,,69.5188,,,,,
58899.23968364329,15.5026519,0.0351888683661467,z,Thacher,,0.0,,,,69.5345,,,,,
58900.3497878067,15.4757519,0.030070665107376656,z,Thacher,,0.0,,,,69.5076,,,,,
58903.2974074067,15.7411519,0.04567973783298236,z,Thacher,,0.0,,,,69.773,,,,,
58905.5776350333,15.5599519,0.14871013448988596,z,Thacher,,0.0,,,,69.5918,,,,,
58942.517165023135,16.926151899999997,0.04937180509116514,z,GPC1,,0.0,,,,,27.5,YSE - Pan-STARRS1,749.1195350941209,16474.0355943576,True
