Mej,Mstar,Z_str,Age(yr),Z
3.583005,86.0,z001,3567813.0,0.001
3.56847,88.0,z001,3530285.0,0.001
4.57289,150.0,z001,2856822.0,0.001
3.5461549999999997,89.0,z001,3512218.0,0.001
3.653095,87.0,z001,3548783.0,0.001
3.52642,93.0,z001,3443883.0,0.001
3.60916,94.0,z001,3427806.0,0.001
4.32099,175.0,z001,2732521.0,0.001
3.59474,95.0,z001,3412076.0,0.001
3.5433250000000003,92.0,z001,3460337.0,0.001
3.60635,85.0,z001,3587437.0,0.001
3.543655,82.0,z001,3649249.0,0.001
3.3439550000000002,100.0,z001,3338606.0,0.001
3.7474350000000003,83.0,z001,3628114.0,0.001
3.63747,84.0,z001,3607496.0,0.001
3.38864,99.0,z001,3352667.0,0.001
4.783580000000001,125.0,z001,3036851.0,0.001
3.4529,97.0,z001,3381695.0,0.001
3.544085,90.0,z001,3494530.0,0.001
3.532505,91.0,z001,3477209.0,0.001
3.587035,96.0,z001,3396686.0,0.001
4.389139999999999,98.0,z001,3367153.0,0.001
3.99123,200.0,z001,2642182.0,0.001
4.707269999999999,150.0,z002,2858756.0,0.002
4.641055,99.0,z002,3306519.0,0.002
5.09099,97.0,z002,3334300.0,0.002
3.93098,63.0,z002,4148453.0,0.002
8.110675,300.0,z002,2166013.0,0.002
4.654365,90.0,z002,3442353.0,0.002
4.68482,91.0,z002,3425755.0,0.002
5.159385,96.0,z002,3348653.0,0.002
5.1134,98.0,z002,3320271.0,0.002
5.214805,85.0,z002,3532095.0,0.002
4.916645,71.0,z002,3862060.0,0.002
4.912885,76.0,z002,3728142.0,0.002
5.150494999999999,82.0,z002,3591986.0,0.002
4.89479,78.0,z002,3680226.0,0.002
5.01826,79.0,z002,3657182.0,0.002
5.20735,83.0,z002,3571462.0,0.002
4.84211,77.0,z002,3703862.0,0.002
5.206715,84.0,z002,3551512.0,0.002
4.643459999999999,175.0,z002,2736828.0,0.002
4.65152,100.0,z002,3293074.0,0.002
5.135735,93.0,z002,3393785.0,0.002
5.160435,94.0,z002,3378379.0,0.002
5.28627,60.0,z002,4267099.0,0.002
5.2925450000000005,61.0,z002,4226138.0,0.002
5.12288,95.0,z002,3363342.0,0.002
4.674195,92.0,z002,3409572.0,0.002
4.97658,75.0,z002,3753381.0,0.002
5.17601,81.0,z002,3613095.0,0.002
5.203295000000001,86.0,z002,3513195.0,0.002
5.17612,72.0,z002,3834103.0,0.002
5.168455,88.0,z002,3476849.0,0.002
4.723905,89.0,z002,3459375.0,0.002
5.06564,73.0,z002,3807136.0,0.002
4.33189,125.0,z002,3030617.0,0.002
5.2783999999999995,87.0,z002,3494833.0,0.002
5.099805,80.0,z002,3634814.0,0.002
4.951079999999999,74.0,z002,3780781.0,0.002
3.0274900000000002,200.0,z002,2647018.0,0.002
5.33099,91.0,z003,3426430.0,0.003
6.024150000000001,65.0,z003,4029880.0,0.003
5.503125000000001,62.0,z003,4139057.0,0.003
5.186764999999999,96.0,z003,3351440.0,0.003
5.44766,98.0,z003,3323620.0,0.003
5.72486,53.0,z003,4577403.0,0.003
5.462,99.0,z003,3309689.0,0.003
5.765485,52.0,z003,4637207.0,0.003
5.425750000000001,97.0,z003,3337370.0,0.003
5.57721,63.0,z003,4101245.0,0.003
5.882215,64.0,z003,4065066.0,0.003
5.965199999999999,90.0,z003,3441047.0,0.003
5.12068,300.0,z003,2173635.0,0.003
4.49704,150.0,z003,2865816.0,0.003
5.76052,175.0,z003,2464887.0,0.003
5.864585,79.0,z003,3647022.0,0.003
5.87937,83.0,z003,3565429.0,0.003
6.42529,77.0,z003,3691589.0,0.003
6.2643249999999995,48.0,z003,4883287.0,0.003
6.0060649999999995,70.0,z003,3500146.0,0.003
6.427715,84.0,z003,3546017.0,0.003
6.3556799999999996,85.0,z003,3186053.0,0.003
5.523645,71.0,z003,3844505.0,0.003
6.45735,76.0,z003,3714892.0,0.003
6.483485,82.0,z003,3584788.0,0.003
5.965335,49.0,z003,4817395.0,0.003
6.1909849999999995,47.0,z003,4952574.0,0.003
5.96841,78.0,z003,3665326.0,0.003
5.24676,61.0,z003,4178817.0,0.003
5.1919450000000005,95.0,z003,3365818.0,0.003
4.885915,59.0,z003,4261715.0,0.003
5.85308,92.0,z003,3076745.0,0.003
5.455445,66.0,z003,3996499.0,0.003
5.984925,50.0,z003,4754573.0,0.003
5.537945000000001,68.0,z003,3932509.0,0.003
5.39714,57.0,z003,4349701.0,0.003
5.652984999999999,69.0,z003,3901694.0,0.003
5.485335,56.0,z003,4396778.0,0.003
5.752035,51.0,z003,4694529.0,0.003
5.32695,58.0,z003,4304546.0,0.003
5.48488,67.0,z003,3963947.0,0.003
5.25166,93.0,z003,3395454.0,0.003
5.33329,94.0,z003,3380486.0,0.003
5.441145000000001,60.0,z003,4219098.0,0.003
5.86091,225.0,z003,2321677.0,0.003
5.206825,100.0,z003,3296929.0,0.003
3.9502699999999997,125.0,z003,3037283.0,0.003
5.648265,89.0,z003,3459096.0,0.003
5.626215,45.0,z003,5103185.0,0.003
5.811515,73.0,z003,3786991.0,0.003
5.637765,87.0,z003,3492800.0,0.003
6.47617,80.0,z003,3625706.0,0.003
5.916535,74.0,z003,3764999.0,0.003
6.477855,75.0,z003,3738391.0,0.003
5.02405,81.0,z003,3651536.0,0.003
6.317435,86.0,z003,3509224.0,0.003
5.72865,72.0,z003,3817122.0,0.003
5.773035,88.0,z003,3475619.0,0.003
6.546355,150.0,z004,2576165.0,0.004
6.683225,86.0,z004,3510237.0,0.004
6.718515,72.0,z004,3807489.0,0.004
6.967835,75.0,z004,3733772.0,0.004
6.4673750000000005,81.0,z004,3605185.0,0.004
6.61356,88.0,z004,3475871.0,0.004
11.7654,300.0,z004,2438101.0,0.004
6.128165,89.0,z004,3460157.0,0.004
9.065660000000001,42.0,z004,5320589.0,0.004
6.4604800000000004,80.0,z004,3625334.0,0.004
6.66319,74.0,z004,3758026.0,0.004
6.69667,73.0,z004,3782390.0,0.004
6.2353749999999994,87.0,z004,3494002.0,0.004
5.812605,51.0,z004,4632895.0,0.004
5.925355,56.0,z004,4366521.0,0.004
6.784465,69.0,z004,3888127.0,0.004
5.887315,94.0,z004,3382442.0,0.004
6.05776,60.0,z004,4191425.0,0.004
7.044785,67.0,z004,3947350.0,0.004
5.900205,93.0,z004,3397223.0,0.004
6.690910000000001,58.0,z004,4275972.0,0.004
5.969525,92.0,z004,3412378.0,0.004
6.92296,66.0,z004,3978069.0,0.004
5.959289999999999,59.0,z004,4232443.0,0.004
6.447229999999999,61.0,z004,4152108.0,0.004
5.75978,95.0,z004,3367975.0,0.004
6.664595,57.0,z004,4320466.0,0.004
6.8123000000000005,68.0,z004,3917027.0,0.004
5.87258,50.0,z004,4693459.0,0.004
5.850725000000001,175.0,z004,2463544.0,0.004
8.260855,49.0,z004,4756863.0,0.004
5.671939999999999,100.0,z004,3299243.0,0.004
6.69891,76.0,z004,3711321.0,0.004
6.45166,82.0,z004,3585672.0,0.004
6.313015,85.0,z004,3529386.0,0.004
6.624409999999999,71.0,z004,3833404.0,0.004
6.54687,78.0,z004,3667138.0,0.004
5.773445000000001,47.0,z004,4892705.0,0.004
8.536435,41.0,z004,5414972.0,0.004
6.55184,79.0,z004,3645932.0,0.004
6.831615,70.0,z004,3860263.0,0.004
6.34425,84.0,z004,3547707.0,0.004
8.45523,48.0,z004,4823245.0,0.004
6.432645,83.0,z004,3566493.0,0.004
6.638965000000001,77.0,z004,3688925.0,0.004
5.769825,200.0,z004,2381108.0,0.004
8.6435,39.0,z004,5626176.0,0.004
5.920635000000001,55.0,z004,4415243.0,0.004
5.873415,52.0,z004,4574942.0,0.004
5.6095299999999995,99.0,z004,3312456.0,0.004
6.59594,64.0,z004,4043498.0,0.004
6.10106,90.0,z004,3443818.0,0.004
5.650465,97.0,z004,3339671.0,0.004
6.399265,63.0,z004,4078125.0,0.004
6.311745,62.0,z004,4114384.0,0.004
5.732675,96.0,z004,3353686.0,0.004
5.975835,91.0,z004,3424301.0,0.004
6.963475,65.0,z004,4010742.0,0.004
4.043085,125.0,z004,3038659.0,0.004
5.804565,53.0,z004,4519433.0,0.004
5.628259999999999,98.0,z004,3325928.0,0.004
6.564235,54.0,z004,4466659.0,0.004
3.665555,300.0,z006,2519414.0,0.006
7.15946,150.0,z006,2574393.0,0.006
8.067255,38.0,z006,5654440.0,0.006
6.1818349999999995,96.0,z006,3355718.0,0.006
8.187735,62.0,z006,4099223.0,0.006
6.589015,65.0,z006,4002194.0,0.006
6.39004,91.0,z006,3430275.0,0.006
6.146465,98.0,z006,3328025.0,0.006
6.70238,53.0,z006,4476106.0,0.006
3.676025,275.0,z006,2552848.0,0.006
7.474685,54.0,z006,4425284.0,0.006
6.498010000000001,37.0,z006,5774367.0,0.006
7.829645,39.0,z006,5541826.0,0.006
6.372624999999999,55.0,z006,4376981.0,0.006
6.55413,99.0,z006,2978166.0,0.006
6.776495,52.0,z006,4529408.0,0.006
6.4907,90.0,z006,3446219.0,0.006
6.469735,64.0,z006,4033523.0,0.006
8.511635,63.0,z006,4065836.0,0.006
6.150735,97.0,z006,3341732.0,0.006
7.551035000000001,41.0,z006,5335827.0,0.006
7.008565000000001,46.0,z006,4911101.0,0.006
6.94794,79.0,z006,3647816.0,0.006
6.69441,84.0,z006,3549710.0,0.006
7.2892399999999995,70.0,z006,3857811.0,0.006
6.686235,77.0,z006,3690615.0,0.006
6.658975,83.0,z006,3568410.0,0.006
6.9772099999999995,48.0,z006,4770599.0,0.006
6.982455,82.0,z006,3229806.0,0.006
6.67699,76.0,z006,3712753.0,0.006
6.042645,250.0,z006,2244399.0,0.006
6.787435,49.0,z006,4705554.0,0.006
7.090484999999999,71.0,z006,3832940.0,0.006
6.565495,85.0,z006,3531440.0,0.006
6.865105,47.0,z006,4839069.0,0.006
6.972295,78.0,z006,3668968.0,0.006
7.652645,40.0,z006,5435843.0,0.006
6.292434999999999,175.0,z006,2462008.0,0.006
6.03123,100.0,z006,3301438.0,0.006
8.148295000000001,59.0,z006,4207305.0,0.006
6.637665,66.0,z006,3971835.0,0.006
6.373,92.0,z006,3414685.0,0.006
6.24452,95.0,z006,3369989.0,0.006
8.261385,61.0,z006,4133873.0,0.006
6.668315,68.0,z006,3913830.0,0.006
6.310165,57.0,z006,4287715.0,0.006
6.974845,50.0,z006,4643869.0,0.006
7.7421050000000005,225.0,z006,2269534.0,0.006
7.12399,35.0,z006,6064658.0,0.006
6.717219999999999,51.0,z006,4585273.0,0.006
6.80184,69.0,z006,3886088.0,0.006
8.11956,56.0,z006,4331182.0,0.006
6.3891100000000005,60.0,z006,4169852.0,0.006
6.2594899999999996,94.0,z006,3384553.0,0.006
6.33447,58.0,z006,4246442.0,0.006
6.375005,93.0,z006,3399440.0,0.006
6.608165,67.0,z006,3942393.0,0.006
5.702375,33.0,z006,6374166.0,0.006
7.2738700000000005,34.0,z006,6210186.0,0.006
7.111409999999999,45.0,z006,4987028.0,0.006
7.62748,42.0,z006,5241335.0,0.006
6.880115,89.0,z006,3461475.0,0.006
6.90025,74.0,z006,3758755.0,0.006
6.8792,80.0,z006,3627187.0,0.006
6.567745,87.0,z006,3496213.0,0.006
6.819405,73.0,z006,3782762.0,0.006
5.95562,200.0,z006,2379136.0,0.006
6.993355,72.0,z006,3807495.0,0.006
6.5478000000000005,86.0,z006,3513614.0,0.006
6.681825,81.0,z006,3607132.0,0.006
7.06766,75.0,z006,3735465.0,0.006
7.259735,43.0,z006,5151884.0,0.006
6.547079999999999,88.0,z006,3479194.0,0.006
7.284325000000001,44.0,z006,5067190.0,0.006
7.50579,125.0,z006,2732983.0,0.006
6.8888,40.0,z008,5384637.0,0.008
7.014115,78.0,z008,3667272.0,0.008
6.316364999999999,47.0,z008,4794890.0,0.008
6.766325,85.0,z008,3530209.0,0.008
6.689455000000001,71.0,z008,3831281.0,0.008
9.96984,49.0,z008,4667976.0,0.008
6.84769,76.0,z008,3711161.0,0.008
6.72556,82.0,z008,3585964.0,0.008
8.0183,125.0,z008,2723869.0,0.008
6.29322,48.0,z008,4729402.0,0.008
6.723525,83.0,z008,3566964.0,0.008
7.07946,77.0,z008,3688937.0,0.008
6.83891,70.0,z008,3857294.0,0.008
6.943395000000001,84.0,z008,3548408.0,0.008
6.763695,79.0,z008,3646113.0,0.008
6.3786000000000005,46.0,z008,4866361.0,0.008
6.887705,41.0,z008,5286009.0,0.008
8.06705,200.0,z008,2382340.0,0.008
8.022955,225.0,z008,2193329.0,0.008
6.948595,39.0,z008,5489246.0,0.008
7.26177,37.0,z008,5720554.0,0.008
5.79322,97.0,z008,3339345.0,0.008
6.718065,63.0,z008,4063755.0,0.008
8.790475,64.0,z008,4031449.0,0.008
6.33118,90.0,z008,3443959.0,0.008
6.22852,52.0,z008,4503388.0,0.008
5.822365,99.0,z008,3312469.0,0.008
6.266185,55.0,z008,4365764.0,0.008
5.804085000000001,100.0,z008,3299413.0,0.008
7.355345,36.0,z008,5848707.0,0.008
7.185155,38.0,z008,5600947.0,0.008
6.24345,54.0,z008,4410204.0,0.008
6.27435,53.0,z008,4456448.0,0.008
5.780984999999999,98.0,z008,2983903.0,0.008
5.935445,91.0,z008,3427908.0,0.008
8.36041,65.0,z008,4000112.0,0.008
9.190835,62.0,z008,4096987.0,0.008
5.866820000000001,96.0,z008,3009193.0,0.008
6.54801,44.0,z008,5021079.0,0.008
6.9539,88.0,z008,3476743.0,0.008
6.7106449999999995,43.0,z008,5104730.0,0.008
7.937135,175.0,z008,2459027.0,0.008
6.913365,75.0,z008,3733974.0,0.008
6.97228,81.0,z008,3605465.0,0.008
6.9224,86.0,z008,3510832.0,0.008
6.791145,72.0,z008,3805960.0,0.008
6.86414,73.0,z008,3781314.0,0.008
6.595224999999999,87.0,z008,3494596.0,0.008
7.06722,80.0,z008,3625506.0,0.008
6.9901599999999995,74.0,z008,3757354.0,0.008
6.939325,89.0,z008,3460229.0,0.008
6.72862,42.0,z008,5192878.0,0.008
6.386699999999999,45.0,z008,4941737.0,0.008
6.59668,275.0,z008,2591350.0,0.008
6.834355,67.0,z008,3938845.0,0.008
5.89588,93.0,z008,3397354.0,0.008
8.078330000000001,58.0,z008,4316011.0,0.008
6.020255,94.0,z008,3380602.0,0.008
9.142595,60.0,z008,4166985.0,0.008
6.26135,56.0,z008,4323038.0,0.008
7.0907,69.0,z008,3882678.0,0.008
6.266445,51.0,z008,4555860.0,0.008
7.1814350000000005,34.0,z008,6133491.0,0.008
6.294225,50.0,z008,4610267.0,0.008
9.394445000000001,57.0,z008,4281854.0,0.008
6.847555,68.0,z008,3911768.0,0.008
6.528309999999999,61.0,z008,4131372.0,0.008
5.86013,95.0,z008,3367452.0,0.008
5.963335,92.0,z008,3063090.0,0.008
6.802695,66.0,z008,3969733.0,0.008
7.8429649999999995,150.0,z008,2566089.0,0.008
8.917069999999999,59.0,z008,4203890.0,0.008
7.309089999999999,35.0,z008,5986175.0,0.008
6.744009999999999,300.0,z008,2570689.0,0.008
6.003295,80.0,z010,3619880.0,0.01
6.7463049999999996,74.0,z010,3750748.0,0.01
7.081645,73.0,z010,3774619.0,0.01
5.939165,87.0,z010,3489909.0,0.01
6.420335,45.0,z010,4901064.0,0.01
8.51533,150.0,z010,2573322.0,0.01
6.53285,42.0,z010,5146485.0,0.01
5.872545000000001,89.0,z010,3456747.0,0.01
6.94385,300.0,z010,2257487.0,0.01
6.50769,43.0,z010,5060293.0,0.01
5.943225,88.0,z010,3473048.0,0.01
6.3704,44.0,z010,4978946.0,0.01
5.8774,86.0,z010,3507487.0,0.01
7.12302,72.0,z010,3799261.0,0.01
7.349584999999999,75.0,z010,3727580.0,0.01
6.03383,81.0,z010,3600102.0,0.01
6.870245000000001,275.0,z010,2280316.0,0.01
6.902225,250.0,z010,2729692.0,0.01
7.327999999999999,35.0,z010,5929242.0,0.01
6.06994,32.0,z010,6403804.0,0.01
6.728725,68.0,z010,3904892.0,0.01
6.350355,57.0,z010,4270691.0,0.01
6.41507,50.0,z010,4596679.0,0.01
6.47597,59.0,z010,4196277.0,0.01
8.016105,92.0,z010,3055422.0,0.01
6.77897,66.0,z010,3962518.0,0.01
6.5897950000000005,61.0,z010,4124018.0,0.01
8.0844,95.0,z010,3021181.0,0.01
6.70587,33.0,z010,6233836.0,0.01
7.160975,34.0,z010,6075797.0,0.01
7.944065,94.0,z010,3028292.0,0.01
6.62421,60.0,z010,4159601.0,0.01
6.37881,58.0,z010,3812931.0,0.01
8.08134,175.0,z010,2473237.0,0.01
6.858325,67.0,z010,3933245.0,0.01
8.005205,93.0,z010,3047595.0,0.01
6.39516,51.0,z010,4544849.0,0.01
6.710105,69.0,z010,3877343.0,0.01
7.389835,56.0,z010,4314645.0,0.01
8.293994999999999,100.0,z010,2953482.0,0.01
6.847955000000001,70.0,z010,3850595.0,0.01
5.926729999999999,84.0,z010,3177009.0,0.01
5.99819,83.0,z010,3561296.0,0.01
7.28681,77.0,z010,3682717.0,0.01
6.437595,48.0,z010,4707730.0,0.01
6.54269,41.0,z010,5237967.0,0.01
6.45166,46.0,z010,4833060.0,0.01
6.034855,79.0,z010,3640124.0,0.01
6.442155,47.0,z010,4768231.0,0.01
6.028325000000001,78.0,z010,3661020.0,0.01
6.667339999999999,40.0,z010,5335195.0,0.01
6.49235,76.0,z010,3704968.0,0.01
5.98995,82.0,z010,3580503.0,0.01
6.42361,49.0,z010,4650917.0,0.01
5.948005,85.0,z010,3525012.0,0.01
7.15149,71.0,z010,3824592.0,0.01
6.90264,225.0,z010,2761824.0,0.01
6.85826,200.0,z010,2808817.0,0.01
8.103964999999999,98.0,z010,2983348.0,0.01
6.353795,53.0,z010,4012411.0,0.01
6.3308,54.0,z010,4401454.0,0.01
6.72259,62.0,z010,4089543.0,0.01
8.208020000000001,96.0,z010,3008307.0,0.01
7.857285,91.0,z010,3073741.0,0.01
7.006495,65.0,z010,3992718.0,0.01
9.024225,31.0,z010,6440324.0,0.01
6.973555,36.0,z010,5793323.0,0.01
6.835884999999999,38.0,z010,5549271.0,0.01
6.667815,64.0,z010,4023927.0,0.01
5.89689,90.0,z010,3440791.0,0.01
8.061565,97.0,z010,2989716.0,0.01
6.70129,63.0,z010,4056195.0,0.01
6.305705,55.0,z010,4357244.0,0.01
8.223675,99.0,z010,2965300.0,0.01
6.366899999999999,52.0,z010,4495132.0,0.01
6.758665000000001,39.0,z010,5438823.0,0.01
6.93382,37.0,z010,5667129.0,0.01
8.220535000000002,125.0,z010,2719253.0,0.01
7.1962,44.0,z014,4981349.0,0.014
7.850695,43.0,z014,5137950.0,0.014
13.370265,88.0,z014,3183667.0,0.014
7.055845,81.0,z014,3662864.0,0.014
6.275535,75.0,z014,3744412.0,0.014
6.59065,72.0,z014,3816188.0,0.014
8.41506,86.0,z014,3523644.0,0.014
6.841305,275.0,z014,2822171.0,0.014
12.90352,87.0,z014,3189887.0,0.014
6.392745,73.0,z014,3791642.0,0.014
6.55575,74.0,z014,3763338.0,0.014
7.004255000000001,80.0,z014,3682446.0,0.014
7.151035,42.0,z014,5128895.0,0.014
14.713525,89.0,z014,3159456.0,0.014
7.207554999999999,45.0,z014,4913220.0,0.014
6.448315,29.0,z014,6966569.0,0.014
6.942394999999999,300.0,z014,2359384.0,0.014
6.8614,150.0,z014,3053942.0,0.014
6.575435000000001,175.0,z014,2529245.0,0.014
7.16564,34.0,z014,6035194.0,0.014
7.3379650000000005,33.0,z014,6190483.0,0.014
6.523625,58.0,z014,4253222.0,0.014
8.6292,93.0,z014,3053854.0,0.014
6.578245,67.0,z014,3950410.0,0.014
6.413785,60.0,z014,3748017.0,0.014
8.852834999999999,94.0,z014,3046244.0,0.014
6.678585,69.0,z014,3894419.0,0.014
6.68395,56.0,z014,4334074.0,0.014
6.938739999999999,51.0,z014,4564864.0,0.014
6.635865,250.0,z014,2397005.0,0.014
8.13416,32.0,z014,6134212.0,0.014
7.1694700000000005,35.0,z014,5891381.0,0.014
7.01124,50.0,z014,4616857.0,0.014
6.550255,68.0,z014,3922051.0,0.014
6.608005,57.0,z014,4292924.0,0.014
8.913125,95.0,z014,3027527.0,0.014
6.484235,61.0,z014,4141954.0,0.014
6.465925,59.0,z014,3776823.0,0.014
6.4529250000000005,66.0,z014,3979874.0,0.014
8.58132,92.0,z014,3067408.0,0.014
7.103994999999999,40.0,z014,5310232.0,0.014
7.1982800000000005,47.0,z014,4786660.0,0.014
6.525855,225.0,z014,2427178.0,0.014
6.1682,78.0,z014,3292744.0,0.014
6.62885,71.0,z014,3841658.0,0.014
14.374865,85.0,z014,3222097.0,0.014
13.715309999999999,82.0,z014,3272244.0,0.014
6.24269,76.0,z014,3332076.0,0.014
7.069369999999999,49.0,z014,4671115.0,0.014
6.224705,77.0,z014,3699812.0,0.014
12.34375,83.0,z014,3255889.0,0.014
7.07141,48.0,z014,4727576.0,0.014
8.288454999999999,84.0,z014,3184431.0,0.014
6.64597,70.0,z014,3867483.0,0.014
7.185925,46.0,z014,4848536.0,0.014
7.007485,79.0,z014,3702274.0,0.014
7.06855,41.0,z014,5215385.0,0.014
14.339865,100.0,z014,3019161.0,0.014
6.9895700000000005,125.0,z014,3173090.0,0.014
6.416835,63.0,z014,4073948.0,0.014
13.207944999999999,97.0,z014,3064225.0,0.014
8.66524,90.0,z014,3100756.0,0.014
6.375995,64.0,z014,4041563.0,0.014
13.34471,99.0,z014,3035781.0,0.014
6.838925,52.0,z014,4515032.0,0.014
6.627555,55.0,z014,4376821.0,0.014
7.082025,39.0,z014,5411298.0,0.014
6.323785,30.0,z014,6740381.0,0.014
7.0896799999999995,37.0,z014,5634405.0,0.014
6.69927,54.0,z014,4421223.0,0.014
13.77598,98.0,z014,3051434.0,0.014
6.793405,53.0,z014,4467331.0,0.014
6.39625,65.0,z014,4005017.0,0.014
13.72137,91.0,z014,3141107.0,0.014
13.979315,96.0,z014,3077434.0,0.014
6.441325,62.0,z014,4107371.0,0.014
6.4524,200.0,z014,2469333.0,0.014
7.12054,36.0,z014,5758150.0,0.014
7.966695,31.0,z014,6543070.0,0.014
7.110415,38.0,z014,5519006.0,0.014
7.987745,43.0,z020,4910927.0,0.02
6.61036,88.0,z020,3083125.0,0.02
8.019055000000002,44.0,z020,4843589.0,0.02
6.699344999999999,86.0,z020,3110723.0,0.02
7.00283,72.0,z020,3734900.0,0.02
6.63874,75.0,z020,3292893.0,0.02
6.790665000000001,81.0,z020,3186431.0,0.02
8.649425,125.0,z020,3182686.0,0.02
8.73178,28.0,z020,6895028.0,0.02
6.6988199999999996,80.0,z020,3202461.0,0.02
6.791755,74.0,z020,3279503.0,0.02
7.092555,73.0,z020,3711243.0,0.02
6.73734,87.0,z020,3503402.0,0.02
8.074825,45.0,z020,4779145.0,0.02
7.994655,42.0,z020,4504971.0,0.02
6.50802,89.0,z020,3070594.0,0.02
8.178104999999999,29.0,z020,6660740.0,0.02
7.893224999999999,200.0,z020,3013555.0,0.02
7.632334999999999,225.0,z020,2995485.0,0.02
8.725285,33.0,z020,5939980.0,0.02
8.663525,34.0,z020,5795813.0,0.02
7.77345,94.0,z020,2904074.0,0.02
8.239255,60.0,z020,4076585.0,0.02
8.50537,58.0,z020,4148618.0,0.02
8.0473,67.0,z020,3861415.0,0.02
6.568355,93.0,z020,3021769.0,0.02
8.66434,51.0,z020,4447990.0,0.02
8.687255,69.0,z020,3808433.0,0.02
9.345794999999999,56.0,z020,4226425.0,0.02
8.586955,35.0,z020,5662615.0,0.02
8.763235,100.0,z020,3332934.0,0.02
8.768740000000001,32.0,z020,6096708.0,0.02
8.019245,68.0,z020,3834558.0,0.02
8.95464,57.0,z020,4186726.0,0.02
8.539935,50.0,z020,4029798.0,0.02
8.382295,59.0,z020,4111919.0,0.02
6.616035,92.0,z020,3032998.0,0.02
7.83229,66.0,z020,3889056.0,0.02
8.037075,61.0,z020,4042398.0,0.02
6.6546199999999995,95.0,z020,2999184.0,0.02
8.226205,47.0,z020,4659121.0,0.02
9.307365,78.0,z020,3206084.0,0.02
8.126065,40.0,z020,5135376.0,0.02
8.293220000000002,175.0,z020,2049347.0,0.02
6.61046,76.0,z020,3273542.0,0.02
9.464345,82.0,z020,3139598.0,0.02
8.42292,49.0,z020,4549053.0,0.02
6.79047,85.0,z020,3125133.0,0.02
6.929765,71.0,z020,3758632.0,0.02
6.72265,70.0,z020,3365629.0,0.02
6.704275,84.0,z020,3139292.0,0.02
6.8022,83.0,z020,3154381.0,0.02
6.7611550000000005,77.0,z020,3255472.0,0.02
8.319045,48.0,z020,4602853.0,0.02
8.041165,41.0,z020,5056524.0,0.02
8.145835000000002,46.0,z020,4717705.0,0.02
6.783385,79.0,z020,3623760.0,0.02
7.414429999999999,250.0,z020,2987146.0,0.02
7.27233,275.0,z020,1521164.0,0.02
7.543825,64.0,z020,3947152.0,0.02
6.545780000000001,90.0,z020,3057816.0,0.02
7.012945,97.0,z020,3357768.0,0.02
7.5735399999999995,63.0,z020,3977856.0,0.02
9.26022,55.0,z020,4267453.0,0.02
6.96646,99.0,z020,3340008.0,0.02
8.786615000000001,52.0,z020,3938063.0,0.02
8.243400000000001,39.0,z020,5219060.0,0.02
8.388005,37.0,z020,5425148.0,0.02
7.814655,30.0,z020,6454826.0,0.02
7.08857,98.0,z020,3348436.0,0.02
8.92879,53.0,z020,4354350.0,0.02
9.110254999999999,54.0,z020,4310037.0,0.02
7.804875,62.0,z020,4009599.0,0.02
6.947685,96.0,z020,3367101.0,0.02
8.85971,150.0,z020,3095678.0,0.02
6.57773,91.0,z020,3045201.0,0.02
7.630045,65.0,z020,3917605.0,0.02
8.84095,31.0,z020,6267739.0,0.02
8.483835,36.0,z020,5539663.0,0.02
7.15774,300.0,z020,2985291.0,0.02
8.31761,38.0,z020,5318462.0,0.02
6.83054,28.0,z030,6557920.0,0.03
5.5815850000000005,200.0,z030,3204859.0,0.03
7.680445000000001,81.0,z030,3110977.0,0.03
8.310545,75.0,z030,3194307.0,0.03
7.67541,72.0,z030,3244365.0,0.03
7.34311,86.0,z030,3534073.0,0.03
6.56989,44.0,z030,4200461.0,0.03
7.24027,88.0,z030,2793363.0,0.03
6.526695,43.0,z030,4261683.0,0.03
7.481755,29.0,z030,6342528.0,0.03
7.172205,89.0,z030,2770164.0,0.03
6.49674,42.0,z030,4325973.0,0.03
6.628295,45.0,z030,4640780.0,0.03
7.29441,87.0,z030,2812443.0,0.03
8.532865000000001,73.0,z030,3229322.0,0.03
8.414325000000002,74.0,z030,3211836.0,0.03
7.783155000000001,80.0,z030,3124196.0,0.03
6.1792750000000005,125.0,z030,2231484.0,0.03
6.727029999999999,100.0,z030,3422642.0,0.03
7.833690000000001,56.0,z030,3651858.0,0.03
7.636195000000001,69.0,z030,3755071.0,0.03
7.209875,51.0,z030,3839300.0,0.03
6.99409,93.0,z030,2693307.0,0.03
7.5332799999999995,67.0,z030,3797605.0,0.03
8.09683,58.0,z030,3581107.0,0.03
8.382249999999999,60.0,z030,3522783.0,0.03
6.943405,94.0,z030,2672702.0,0.03
7.246395,34.0,z030,5159226.0,0.03
7.42359,33.0,z030,5318403.0,0.03
6.904255,95.0,z030,3457635.0,0.03
8.52186,61.0,z030,3496173.0,0.03
7.55911,66.0,z030,3371336.0,0.03
7.043895,92.0,z030,2712353.0,0.03
8.236245,59.0,z030,3552312.0,0.03
7.085545,50.0,z030,3882276.0,0.03
7.96472,57.0,z030,3611678.0,0.03
7.563705000000001,68.0,z030,3326812.0,0.03
5.50387,225.0,z030,3204232.0,0.03
7.60394,32.0,z030,5500952.0,0.03
7.087949999999999,35.0,z030,5421128.0,0.03
5.45811,250.0,z030,3205840.0,0.03
7.77239,71.0,z030,3265977.0,0.03
7.406525,85.0,z030,2855997.0,0.03
6.971785000000001,49.0,z030,3927880.0,0.03
7.6158,82.0,z030,3097136.0,0.03
8.190065,76.0,z030,3177824.0,0.03
6.48781,40.0,z030,4471720.0,0.03
7.97117,78.0,z030,3147673.0,0.03
6.78017,47.0,z030,4026180.0,0.03
7.892325,79.0,z030,3132420.0,0.03
6.69491,46.0,z030,4582864.0,0.03
6.484005,41.0,z030,4396730.0,0.03
6.864695,48.0,z030,4474428.0,0.03
8.060559999999999,77.0,z030,3163154.0,0.03
7.55689,83.0,z030,3078457.0,0.03
7.49137,84.0,z030,2875347.0,0.03
7.68166,70.0,z030,3286098.0,0.03
5.6976949999999995,175.0,z030,1774701.0,0.03
5.405365,300.0,z030,3206168.0,0.03
5.8640799999999995,150.0,z030,3244966.0,0.03
8.236075,30.0,z030,5944035.0,0.03
6.692864999999999,37.0,z030,4746660.0,0.03
6.516484999999999,39.0,z030,5053360.0,0.03
7.3364,52.0,z030,3798020.0,0.03
6.7577300000000005,99.0,z030,3429688.0,0.03
7.696295,55.0,z030,3677809.0,0.03
7.795915,63.0,z030,3443402.0,0.03
6.83813,97.0,z030,2622237.0,0.03
7.12289,90.0,z030,2751573.0,0.03
7.64801,64.0,z030,3419386.0,0.03
6.5717,38.0,z030,5135978.0,0.03
6.88247,36.0,z030,4859763.0,0.03
7.979509999999999,31.0,z030,5707422.0,0.03
7.685420000000001,65.0,z030,3846393.0,0.03
7.08158,91.0,z030,2732838.0,0.03
6.8727350000000005,96.0,z030,2640315.0,0.03
8.665085,62.0,z030,3469258.0,0.03
7.581315,54.0,z030,3721341.0,0.03
5.44571,275.0,z030,3201842.0,0.03
7.46438,53.0,z030,3750018.0,0.03
6.794305,98.0,z030,2604405.0,0.03
4.6445799999999995,225.0,z040,3337586.0,0.04
5.60218,43.0,z040,4071383.0,0.04
5.267525,88.0,z040,3545119.0,0.04
5.079435,100.0,z040,3470034.0,0.04
5.66036,44.0,z040,4014465.0,0.04
5.826285,72.0,z040,3178507.0,0.04
5.315445,86.0,z040,2607297.0,0.04
5.47034,81.0,z040,2721906.0,0.04
5.691185000000001,75.0,z040,3134928.0,0.04
9.599765,28.0,z040,6227154.0,0.04
5.728505,74.0,z040,3148911.0,0.04
5.515575,80.0,z040,2745136.0,0.04
5.289545,87.0,z040,3551436.0,0.04
5.769864999999999,73.0,z040,3164181.0,0.04
5.71602,45.0,z040,3960613.0,0.04
5.57198,42.0,z040,4666210.0,0.04
5.245225,89.0,z040,3537368.0,0.04
7.748419999999999,29.0,z040,6021189.0,0.04
6.522455,33.0,z040,5032777.0,0.04
6.09655,34.0,z040,4882123.0,0.04
6.680905,60.0,z040,3421455.0,0.04
5.160505000000001,94.0,z040,3503512.0,0.04
6.6801200000000005,58.0,z040,3475296.0,0.04
5.17458,93.0,z040,3510355.0,0.04
6.12936,67.0,z040,3264587.0,0.04
6.20118,51.0,z040,3688795.0,0.04
5.989470000000001,69.0,z040,3228492.0,0.04
6.5829699999999995,56.0,z040,3533521.0,0.04
5.862965,35.0,z040,4690588.0,0.04
6.98388,32.0,z040,5030174.0,0.04
6.068495,68.0,z040,3245561.0,0.04
6.638465,57.0,z040,3497004.0,0.04
6.102069999999999,50.0,z040,3735442.0,0.04
6.711545,59.0,z040,3446814.0,0.04
4.875405,125.0,z040,3384741.0,0.04
6.1983,66.0,z040,3283929.0,0.04
5.1930499999999995,92.0,z040,2486873.0,0.04
5.14822,95.0,z040,3497066.0,0.04
6.637449999999999,61.0,z040,3395866.0,0.04
4.670795,200.0,z040,3337020.0,0.04
4.6245899999999995,275.0,z040,3323539.0,0.04
4.767315,150.0,z040,3349646.0,0.04
5.863545,47.0,z040,3862682.0,0.04
5.5724149999999995,78.0,z040,3631361.0,0.04
5.551625,40.0,z040,4274412.0,0.04
5.413130000000001,82.0,z040,3593595.0,0.04
5.642825,76.0,z040,3122137.0,0.04
6.038655,49.0,z040,3766311.0,0.04
5.88563,71.0,z040,3192918.0,0.04
5.331215,85.0,z040,3568272.0,0.04
4.622909999999999,300.0,z040,3311713.0,0.04
5.3575099999999996,84.0,z040,2650224.0,0.04
5.9320450000000005,70.0,z040,3211311.0,0.04
5.599655,77.0,z040,2815420.0,0.04
5.386324999999999,83.0,z040,2675716.0,0.04
5.945164999999999,48.0,z040,3817971.0,0.04
5.55364,41.0,z040,4731874.0,0.04
5.773854999999999,46.0,z040,4435482.0,0.04
5.539434999999999,79.0,z040,2767383.0,0.04
5.232025,90.0,z040,3529640.0,0.04
6.374365,64.0,z040,3324481.0,0.04
6.448005,63.0,z040,3348572.0,0.04
5.115405,97.0,z040,3486898.0,0.04
6.5170200000000005,55.0,z040,3564411.0,0.04
5.091189999999999,99.0,z040,3475203.0,0.04
6.28052,52.0,z040,3662266.0,0.04
5.5478950000000005,39.0,z040,4873902.0,0.04
5.637235,37.0,z040,4518245.0,0.04
7.913555000000001,30.0,z040,5843174.0,0.04
5.103375,98.0,z040,3480873.0,0.04
6.35935,53.0,z040,3628923.0,0.04
6.43208,54.0,z040,3595288.0,0.04
5.13012,96.0,z040,3491970.0,0.04
6.567675,62.0,z040,3369809.0,0.04
6.30011,65.0,z040,3303651.0,0.04
5.213305,91.0,z040,2506514.0,0.04
7.447520000000001,31.0,z040,5684736.0,0.04
5.722065,36.0,z040,4604726.0,0.04
4.709905,175.0,z040,1509429.0,0.04
5.5829249999999995,38.0,z040,4428697.0,0.04
4.63208,250.0,z040,3333089.0,0.04
7.55392,100.0,zem5,2484066.0,1e-05
0.62312,125.0,zem5,3430061.0,1e-05
4.4065650000000005,300.0,zem5,2666084.0,1e-05
3.1638450000000002,250.0,zem5,2794741.0,1e-05
