MJD,COLOR_OBS,DCOLOR_OBS,BAND1,BAND2,COL_NAME,INST,PHASE,COLOR_TEMP,DCOLOR_TEMP
58880.12,-2.114300000000002,0.6641317152801844,B,g,B-g,Siding Spring 1m,15.408590604027268,1.0389820469798638,0.017822517114093547
58882.09,0.6138000000000012,0.04401776501413946,B,g,B-g,Siding Spring 1m,15.728590604026977,1.0371820469798652,0.017515588926174372
58883.38,0.6113745486574231,0.01063014581273465,B,g,B-g,Swope,17.618590604026394,1.026532046979868,0.0157983120805373
58883.12,-1.1336999999999975,0.3713364186341544,B,g,B-g,Siding Spring 1m,18.66859060402203,1.0206820469798898,0.014929763422822597
58883.99,0.5562000000000005,0.08841474889932109,B,g,B-g,Siding Spring 1m,17.378590604021156,1.0279320469798943,0.016006240268461383
58630.42,-0.11179311405750525,1.5358359287371812,B,g,B-g,Sinistro,20.658590604027268,1.009178456375837,0.013468950671140635
58857.71,0.5289000000000001,0.0600276057764259,B,g,B-g,Siding Spring 1m,18.408590604027268,1.0220820469798637,0.015138091610737914
58857.35,-0.23430000000000106,0.06940510339232987,B,g,B-g,Siding Spring 1m,19.27859060402261,1.0172320469798868,0.01445880704698304
58862.36,0.29959999999999987,0.01761303182646304,B,g,B-g,Siding Spring 1m,-234.2914093959771,-11.006434729915963,0.609901554755927
58869.35,0.6070111065216963,0.006403124237432849,B,g,B-g,Swope,6.59859060402232,0.7491874614762892,0.012992968268453616
58869.36,0.6399000000000008,0.02041054765746378,B,g,B-g,Siding Spring 1m,7.64859060402523,0.8005118005368337,0.014033275597313304
58873.09,0.5964000000000009,0.032916676322040775,B,g,B-g,Siding Spring 1m,28.58859060402756,0.9615984563758412,0.00783865067114038
58875.38,0.6972136715821424,0.0161245154965971,B,g,B-g,Swope,30.71859060402494,0.9488184563758585,0.006326350671142227
58876.03,0.5380000000000003,0.021280809114317057,B,g,B-g,Siding Spring 1m,33.85859060402436,0.9299784563758643,0.004096950671142621
58878.06,-0.10805911731279849,1.5358359287371812,B,g,B-g,Sinistro,-219.4714093959774,-10.283238256220768,0.5727043590802108
58880.12,2.320400000000003,0.6718006288632067,g,r,g-r,Siding Spring 1m,39.628590604021156,0.8953584563758878,2.5067114485868847e-07
58881.28,0.7838999999999992,0.02506720903331681,g,r,g-r,Thacher,41.57859060402552,0.8836584563758632,-0.001384249328858252
58882.32,0.738773561023244,0.009899494936611665,g,r,g-r,Swope,43.60859060402436,0.8714784563758716,-0.002825549328857438
58883.01,0.8780999999999999,0.01625661665568823,g,r,g-r,Siding Spring 1m,44.65859060402727,0.8651784563758549,-0.0035710493288595123
58884.37,0.8423885368009021,0.01140175425099138,g,r,g-r,Swope,45.548590604026685,0.8598384563758591,-0.004202949328859104
58882.09,0.25229999999999997,0.030270180469234076,g,r,g-r,Siding Spring 1m,46.498590604023775,0.8541384563758773,-0.004877449328857041
58886.28,0.723399999999998,0.06897987239224208,g,r,g-r,Thacher,47.568590604023484,0.8477184563758797,-0.005637149328856842
58883.12,1.8838999999999988,0.37605441462751105,g,r,g-r,Siding Spring 1m,-212.51140939597826,-9.943599426469214,0.5552352307466779
58884.0,0.5230999999999995,0.029444339095060362,g,r,g-r,Siding Spring 1m,-207.69140939597855,-9.708389777129762,0.5431373573892592
58887.38,-0.5989999999999966,0.14024621207005913,g,r,g-r,Siding Spring 1m,11.318590604023484,0.979903221476346,0.02148611241609895
58890.28,0.3186,0.2268680537287919,g,r,g-r,Thacher,-203.33140939597797,-9.49562752171063,0.53219405285848
58891.96,0.7170000000000005,0.05608029957123981,g,r,g-r,Siding Spring 1m,56.548590604026685,0.7938384563758673,-0.012012949328859171
58893.29,0.5050847545060506,0.0116619037896906,g,r,g-r,Swope,58.57859060402552,0.7816584563758757,-0.013454249328858355
58894.31,0.5070083846723037,0.01081665382639197,g,r,g-r,Swope,-8.391409395975643,0.0171876322803175,0.04290786358558216
58896.29,0.5580662261940077,0.023259406699226014,g,r,g-r,Swope,-7.001409395976225,0.08501780086573724,0.03941905778334026
58893.25,0.4156999999999975,0.025021405598606963,g,r,g-r,Thacher,-7.261409395978262,0.07233014343238853,0.04007164016362111
58898.24,0.42460000000000164,0.031288001056155694,g,r,g-r,Thacher,-261.4714093959774,-12.332782918514884,0.6781215128170603
58900.34,0.5198999999999998,0.04934188998660266,g,r,g-r,Thacher,-261.46140939597535,-12.332294931690429,0.6780964134947369
58898.38,0.4540000000000006,0.12712198865656563,g,r,g-r,Siding Spring 1m,-5.861409395976807,0.14064829884226343,0.0365577350390558
58899.23,0.5427,0.048050386047356584,g,r,g-r,Thacher,-2.3514093959747697,0.31193167419122825,0.02774787290532826
58903.27,0.41170851886945314,0.02641968962724581,g,r,g-r,Swope,-4.331409395977971,0.2153102829686351,0.0327175387243592
58904.32,0.47432875925053963,0.01414213562373095,g,r,g-r,Swope,-3.461409395975352,0.25776513668771245,0.030533897682660745
58902.24,0.15193506439189974,1.5358359287371812,g,r,g-r,Sinistro,-3.3714093959788443,0.26215701810674374,0.030308003781804833
58903.29,0.23760000000000048,0.03864059714652454,g,r,g-r,Thacher,-250.83140939597797,-11.813564937400404,0.6514158338703933
58907.36,0.38504272810003215,0.013601470508735444,g,r,g-r,Swope,4.638590604023193,0.6533928005367341,0.013155621422821676
58905.57,-0.19879999999999853,0.11926820204061098,g,r,g-r,Thacher,6.64859060402523,0.7516318005368338,0.013026505610737156
58906.1,0.0810000000000013,0.05249761899362675,g,r,g-r,Siding Spring 1m,5.608590604024357,0.700805800536791,0.012716796563758539
58911.2,0.4096674888588865,0.0161245154965971,g,r,g-r,Swope,8.378590604021156,0.8361914614762324,0.01513056230871533
58919.14,0.11545850618369258,1.5358359287371812,g,r,g-r,Sinistro,4.64859060402523,0.6538818005368338,0.013147721422820068
58923.14,-0.025249572065497716,1.5358359287371812,g,r,g-r,Sinistro,10.668590604022029,0.9481295805366773,0.01989734563757243
58929.5,0.17434101443840078,1.5358359287371812,g,r,g-r,Sinistro,11.658590604027268,0.9965205805369334,0.02234465604026953
58935.64,0.35367315737989813,1.5358359287371812,g,r,g-r,Sinistro,12.308590604021447,1.0282759395970509,0.024029443288576407
58943.46,0.6470361470524999,1.5358359287371812,g,r,g-r,Sinistro,13.34859060402232,1.0505820469798883,0.019888665771816787
58952.44,0.10887790436819955,1.5358359287371812,g,r,g-r,Sinistro,15.408590604027268,0.4907029261744981,0.02172787080536864
58959.34,-0.00714803704029876,1.5358359287371812,g,r,g-r,Sinistro,17.378590604021156,0.49477887248321695,0.01993056375839154
58966.35,-0.1037773382176006,1.5358359287371812,g,r,g-r,Sinistro,18.66859060402203,0.4948018456375868,0.02001561577180991
58974.11,0.008782674385599876,1.5358359287371812,g,r,g-r,Sinistro,18.408590604027268,0.4949285637583891,0.01991322080536927
58980.76,0.10093342798490212,1.5358359287371812,g,r,g-r,Sinistro,19.27859060402261,0.4942790503355752,0.020374777516775605
58988.32,0.1499438609119963,1.5358359287371812,g,r,g-r,Sinistro,-234.2914093959771,-4.983122817154314,0.9544503356099631
58996.5,-0.007591839018797231,1.5358359287371812,g,r,g-r,Sinistro,-7.001409395976225,0.0853073352316763,0.052133398167274955
59002.75,0.032223984170393294,1.5358359287371812,g,r,g-r,Sinistro,-7.361409395976807,0.07727955198181094,0.05356255957991912
59007.71,-0.2108384398991987,1.5358359287371812,g,r,g-r,Sinistro,-2.3514093959747697,0.1889995355423021,0.03367339658731193
59014.8,0.14424575349239888,1.5358359287371812,g,r,g-r,Sinistro,4.638590604023193,0.3423578636240847,0.020063352805367887
59032.34,-0.013482665468409039,1.5358359287371812,g,r,g-r,Sinistro,4.64859060402523,0.3425668636241273,0.020066752805368578
59038.72,0.05533917271469946,1.5358359287371812,g,r,g-r,Sinistro,8.378590604021156,0.41511433557037025,0.017907553610742866
58856.31,0.19839999999999947,0.02383407659675533,g,r,g-r,Siding Spring 1m,10.668590604022029,0.4507684731542974,0.018909560402676565
58856.33,-0.42029999999999923,0.07066570787319688,g,r,g-r,Siding Spring 1m,11.318590604023484,0.4590944463086842,0.020089686241604385
58859.3,0.06729999999999947,0.01827270905065803,g,r,g-r,Siding Spring 1m,13.34859060402232,0.4792212885905696,0.02281843624160893
58860.05,0.6749999999999989,0.06229767250869008,g,r,g-r,Siding Spring 1m,15.408590604027268,1.4655682214765182,0.030593405704698273
58861.29,0.0129999999999999,0.018027756377319945,g,r,g-r,Siding Spring 1m,15.728590604026977,1.4713010402684588,0.030805569798657804
58861.05,-0.07499999999999929,0.018439088914585774,g,r,g-r,Siding Spring 1m,17.378590604021156,1.490015134228148,0.031635077181206346
58864.75,0.09450000000000003,0.018086752748904374,g,r,g-r,Siding Spring 1m,18.408590604027268,1.4946107718120818,0.03177085637583891
58864.34,0.042299999999999116,0.023642652166159364,g,r,g-r,Thacher,-7.361409395976807,-0.39410289450079866,0.05062531102428108
58866.3,1.8660000000000014,0.25926241532470534,g,r,g-r,Siding Spring 1m,-261.46140939597535,-25.09195605246555,0.07095276218312001
58867.35,0.2986000000000004,0.01979806778173062,g,r,g-r,Thacher,-219.4714093959774,-21.010638248046444,0.06759365287906802
58867.4,0.0862999999999996,0.016080748869377944,g,r,g-r,Siding Spring 1m,5.608590604024357,0.7867097111407783,0.04410771339596823
58867.3,0.37700000000000067,0.01655294535724685,g,r,g-r,Siding Spring 1m,8.378590604021156,0.9875711199994913,0.04121675087250797
58868.27,0.46199999999999974,0.0206155281280883,g,r,g-r,Siding Spring 1m,4.64859060402523,0.7231435782549233,0.043328531731544606
58613.89,0.061248301030698116,1.5358359287371812,g,r,g-r,Sinistro,10.668590604022029,1.2312411073820926,0.0402022332215202
58869.27,0.4059000000000008,0.02732993491119216,g,r,g-r,Siding Spring 1m,11.318590604023484,1.2872464765098084,0.03539485402686497
58869.35,0.5746641681311591,0.006403124237432849,g,r,g-r,Swope,15.408590604027268,1.4068928187919456,0.04026046946308107
58869.57,0.620000000000001,0.0058309518948453,g,r,g-r,Pan-STARRS1,15.728590604026977,1.406105637583892,0.03757406073825491
58870.27,0.5717999999999996,0.014813687132999671,g,r,g-r,Siding Spring 1m,17.378590604021156,1.3964848657718518,0.03781610369128467
58871.27,0.5569000000000006,0.01587158209662792,g,r,g-r,Siding Spring 1m,18.408590604027268,1.389974865771809,0.035793567449663555
58871.32,0.7988999999999997,0.023666548638720013,g,r,g-r,Siding Spring 1m,-7.361409395976807,0.10922000935033566,0.03920846458273182
58872.29,0.39000000000000057,0.05292447448959697,g,r,g-r,Siding Spring 1m,-261.4714093959774,-15.086147715721085,0.5270864918759991
58872.33,0.7496000000000009,0.019522548612822047,g,r,g-r,Thacher,-2.3514093959747697,0.40880992042285774,0.029589524294115647
58873.4,0.8905999999999992,0.02079241931570254,g,r,g-r,Thacher,30.71859060402494,1.3155184563758584,0.01157036241611048
58874.28,0.504999999999999,0.015264337522473748,g,r,g-r,Siding Spring 1m,-219.4714093959774,-12.574615527090184,0.4464486690972136
58876.03,0.7109000000000005,0.01566008513546462,g,r,g-r,Siding Spring 1m,4.638590604023193,0.8271200971809893,0.02128636311409206
58652.21,0.4450178706350023,1.5358359287371812,g,r,g-r,Sinistro,4.64859060402523,0.8277190971811114,0.02129156311409312
58876.29,0.8537999999999997,0.04197078754431467,g,r,g-r,Thacher,8.378590604021156,1.0510034362412692,0.02671745932884654
58877.26,0.9482999999999997,0.035556482763203674,g,r,g-r,Siding Spring 1m,11.318590604023484,1.227015436241409,0.03409124832213918
58657.03,0.3074887675413045,1.5358359287371812,g,r,g-r,Sinistro,14.616644295303558,0.3527174899328981,0.02061793691275143
58666.97,0.766743787390407,1.5358359287371812,g,r,g-r,Sinistro,14.936644295303267,0.35516716778524415,0.02052334228187869
59208.07,-0.15613410520669646,1.5358359287371812,g,r,g-r,Sinistro,16.586644295297447,0.36497256375836823,0.01895729664430142
59214.05,-0.4745238315944995,1.5358359287371812,g,r,g-r,Sinistro,17.506644295302976,0.3686632550335604,0.017666765100669776
59220.37,0.20539633822980718,1.5358359287371812,g,r,g-r,Sinistro,18.86664429530356,0.37227262416107676,0.01597562147650858
59226.11,-0.27308349362740003,1.5358359287371812,g,r,g-r,Sinistro,17.61664429530356,0.3690312617449714,0.017511697986575016
59236.06,0.05038157499200224,1.5358359287371812,g,r,g-r,Sinistro,-227.2833557046979,-4.416868359650108,0.5779440524754572
59245.42,0.06632912914109923,1.5358359287371812,g,r,g-r,Sinistro,29.92664429530123,0.3848633087248311,0.011036009395973679
59252.06,-0.013359403949401383,1.5358359287371812,g,r,g-r,Sinistro,-220.2633557047011,-4.278928118454995,0.5607453964485857
59257.33,0.0509323521711984,1.5358359287371812,g,r,g-r,Sinistro,38.846644295299484,0.394675308724829,0.007289609395974587
59267.12,0.11024619333269925,1.5358359287371812,g,r,g-r,Sinistro,-213.2633557047011,-4.141380869399976,0.5435957394417259
58856.37,0.3658999999999999,0.03489720368396299,g,r,g-r,Siding Spring 1m,-210.2633557047011,-4.082432048376397,0.536245886438786
58856.41,-0.06489999999999974,0.04303025340629544,g,r,g-r,Siding Spring 1m,-189.50335570469906,-3.6745062068931875,0.4853849036584369
58857.3,0.08709999999999951,0.02867561319309493,g,r,g-r,Siding Spring 1m,-177.31335570469673,-3.4349774974673313,0.4555200009564854
58857.32,0.15700000000000003,0.057772605586471515,g,r,g-r,Siding Spring 1m,-169.30335570470197,-3.2775841453344774,0.4358958934386487
58857.35,0.2865000000000002,0.057856855307733414,g,r,g-r,Siding Spring 1m,-9.173355704697315,-0.1310925751657984,0.04358523965171526
58857.72,0.36900000000000155,0.3386528986263073,g,r,g-r,Siding Spring 1m,-262.2633557047011,-5.104211612785106,0.6636433384897442
58858.3,0.0777000000000001,0.030413690560173717,g,r,g-r,Siding Spring 1m,-262.27335570469586,-5.104408108855081,0.6636678379997412
58858.31,-0.054700000000000415,0.07492389403634864,g,r,g-r,Siding Spring 1m,-4.153355704700516,-0.032451547986405156,0.03128648562680367
58858.34,0.23550000000000004,0.03417062492287783,g,r,g-r,Siding Spring 1m,-3.143355704698479,-0.01260544490842675,0.02881203511580891
58859.05,0.03960000000000008,0.017528211757050403,g,r,g-r,Siding Spring 1m,1.8966442953023943,0.09181329261745944,0.021800711409398047
58859.69,-5.6495999999999995,8.816818685208586,g,r,g-r,Siding Spring 1m,3.846644295299484,0.14608470469791549,0.022170089261762595
58861.68,0.2170000000000023,0.028178005607210743,g,r,g-r,Siding Spring 1m,3.856644295301521,0.14636570469797272,0.022100389261748395
58861.35,-0.03020000000000067,0.014773739518483464,g,r,g-r,Siding Spring 1m,7.586644295297447,0.24286548322137103,0.019526868456376203
58869.36,0.45889999999999986,0.012544803330801962,g,r,g-r,Siding Spring 1m,10.526644295299775,0.30221295302009615,0.017815332885905994
58862.36,-0.01800000000000246,0.014082893292061825,g,r,g-r,Siding Spring 1m,11.526644295299775,0.3180596711409067,0.018308646979863803
58871.35,0.8732761558812783,0.004242640687119285,g,r,g-r,Swope,15.408590604027268,0.5378849543624163,0.012449822684563818
58872.35,0.8223531383180855,0.004472135954999579,g,r,g-r,Swope,-238.96140939597535,-5.635581951664211,0.42084882619997005
58873.09,0.7669999999999995,0.01655294535724685,g,r,g-r,Siding Spring 1m,17.378590604021156,0.5372972503355767,0.012515188657718519
58874.29,0.8294999999999995,0.02399044347776839,g,r,g-r,Thacher,18.66859060402203,0.5354069778523582,0.012340697785235815
58866.32,0.19860000000000078,0.018549727882101127,g,r,g-r,Thacher,19.658590604027268,0.53341850067114,0.01211718644295291
58876.36,0.9576608692949762,0.008602325267042627,g,r,g-r,Swope,18.298590604026685,0.5360394550335573,0.01240594550335573
58877.03,1.0092999999999996,0.034466228733065644,g,r,g-r,Siding Spring 1m,18.408590604027268,0.5358592959731536,0.012387929597315364
58878.34,0.9139999999999997,0.06830812543175227,g,r,g-r,Siding Spring 1m,19.27859060402261,0.5342256597315526,0.012210334161074799
58880.12,2.827700000000002,0.6641423867787991,g,i,g-i,Siding Spring 1m,-234.2914093959771,-5.521639648779398,0.41305031612547666
58881.28,0.8199999999999985,0.02588748778792566,g,i,g-i,Thacher,-228.87140939597884,-5.3893982608488376,0.4039993686728522
58882.32,0.7754549638122494,0.01063014581273465,g,i,g-i,Swope,-223.89140939597564,-5.267892336144994,0.39568318448205636
58882.09,0.36020000000000074,0.02417930475117099,g,i,g-i,Siding Spring 1m,-217.64140939597564,-5.115399960763764,0.3852462063309639
58883.12,2.1195999999999984,0.37100146385998267,g,i,g-i,Siding Spring 1m,-7.98140939597215,4.826682493844214e-05,0.03513151206567025
58884.0,0.33610000000000007,0.05236195547007388,g,i,g-i,Siding Spring 1m,-7.001409395976225,0.023959071284616024,0.03349499389158575
58886.28,0.7516999999999978,0.06908009880305616,g,i,g-i,Thacher,-8.381409395973606,-0.009711245199495816,0.035799478667342594
58890.28,0.3907000000000007,0.22505112810037192,g,i,g-i,Thacher,-7.35140939597477,0.015419498263302606,0.0340794646680445
58891.96,0.7400000000000002,0.046238512086787566,g,i,g-i,Siding Spring 1m,-4.641409395975643,0.08154019222858297,0.02955399094173226
58893.29,0.6030637841326296,0.01414213562373095,g,i,g-i,Swope,-3.361409395976807,0.11277063070663064,0.027416497816390467
58894.31,0.5000554994571331,0.01345362404707371,g,i,g-i,Swope,-2.3514093959747697,0.13741339856828724,0.025729882147170518
58895.29,0.5964138444175795,0.016643316977093238,g,i,g-i,Swope,2.6885906040261034,0.260058561342263,0.02171647885905873
58893.25,0.4947999999999979,0.025271636190203433,g,i,g-i,Thacher,4.638590604023193,0.3168308748992025,0.022128470349005086
58898.24,0.6649999999999991,0.03361607974838827,g,i,g-i,Thacher,-249.8614093959768,-5.901528654329113,0.43905091609547775
58897.31,0.545399999999999,0.01401825755934022,g,i,g-i,Direct/4Kx4K,4.64859060402523,0.317176874899273,0.022096170348998505
58898.38,0.4989999999999988,0.12448694710691559,g,i,g-i,Siding Spring 1m,8.378590604021156,0.4675673434897775,0.013945054845646574
58902.24,0.262395993744299,1.5358359287371812,g,i,g-i,Sinistro,10.668590604022029,0.5122400416106776,0.011947506912753172
58903.27,0.49717883522392015,0.02220360331117452,g,i,g-i,Swope,11.318590604023484,0.5196459060402349,0.011806809127517182
58904.32,0.45629530134924323,0.021470910553583886,g,i,g-i,Swope,12.318590604023484,0.5279256570469574,0.011826190872482817
58905.29,0.38038698039324714,0.017492855684535902,g,i,g-i,Swope,13.34859060402232,0.5333745214764914,0.012021765838925133
58906.28,0.30914000147536314,0.017204650534085254,g,i,g-i,Swope,14.368590604026394,0.5364731812080528,0.012259349932885808
58907.36,0.4320178101681229,0.016278820596099707,g,i,g-i,Swope,15.408590604027268,0.9725305865771872,0.020069672751677817
58906.1,0.17300000000000182,0.02640075756488817,g,i,g-i,Siding Spring 1m,16.568590604023484,0.9859943154362113,0.020068111342281644
58909.36,0.30328007798384604,0.018867962264113206,g,i,g-i,Swope,17.608590604024357,0.9935829073825364,0.020161574966442677
58910.16,-0.2029999999999994,0.1330037593453659,g,i,g-i,Siding Spring 1m,17.378590604021156,0.992220702684529,0.020137159060402116
58911.2,0.4037567140627658,0.02441311123146741,g,i,g-i,Swope,18.408590604027268,0.9971614080536927,0.020245159060402727
58912.27,0.39226637748218707,0.023600847442411893,g,i,g-i,Swope,19.288590604024648,0.9992823859060369,0.02031507953020123
58914.27,0.9130000000000003,0.1572768260107,g,i,g-i,Siding Spring 1m,21.568590604023484,1.0003304771812067,0.020370031812080445
58919.14,0.23944845087569533,1.5358359287371812,g,i,g-i,Sinistro,25.568590604023484,1.0015304771812057,0.02045003181208039
58923.14,0.04709176525679837,1.5358359287371812,g,i,g-i,Sinistro,27.248590604023775,1.0020344771812053,0.02048363181208037
58929.5,0.5529009925602999,1.5358359287371812,g,i,g-i,Sinistro,28.57859060402552,1.0024334771812056,0.020510231812080386
58935.64,0.4435991856336017,1.5358359287371812,g,i,g-i,Sinistro,29.59859060402232,1.0027394771812044,0.020530631812080306
58943.46,1.1546464138245014,1.5358359287371812,g,i,g-i,Sinistro,30.57859060402552,1.003033477181205,0.020550231812080356
58952.44,0.2452613824633012,1.5358359287371812,g,i,g-i,Sinistro,28.538590604024648,1.0024214771812052,0.02050943181208037
58959.34,0.09860028480089866,1.5358359287371812,g,i,g-i,Sinistro,33.52859060402261,1.0039184771812035,0.020609231812080256
58966.35,0.082299361440203,1.5358359287371812,g,i,g-i,Sinistro,32.59859060402232,1.0036394771812036,0.020590631812080266
58974.11,0.3054311483965009,1.5358359287371812,g,i,g-i,Sinistro,33.66859060402203,1.0039604771812032,0.020612031812080243
58980.76,0.4244662218604027,1.5358359287371812,g,i,g-i,Sinistro,37.52859060402261,1.0051184771812025,0.0206892318120802
58988.32,0.4507757603019975,1.5358359287371812,g,i,g-i,Sinistro,38.55859060402145,1.0054274771812017,0.02070983181208016
58996.5,0.01089866668950279,1.5358359287371812,g,i,g-i,Sinistro,39.60859060402436,1.0057424771812025,0.020730831812080207
59002.75,0.20515762482270006,1.5358359287371812,g,i,g-i,Sinistro,40.57859060402552,1.0060334771812025,0.020750231812080216
59007.71,-0.034671349127695095,1.5358359287371812,g,i,g-i,Sinistro,41.568590604023484,1.0063304771812016,0.02077003181208016
59014.8,0.47723007439829956,1.5358359287371812,g,i,g-i,Sinistro,42.64859060402523,1.006654477181202,0.02079163181208018
59026.35,-0.2683610744389,1.5358359287371812,g,i,g-i,Sinistro,41.38859060402319,1.0062764771812016,0.020766431812080155
59032.34,0.15331905451329675,1.5358359287371812,g,i,g-i,Sinistro,44.64859060402523,1.0072544771812015,0.02083163181208015
59038.72,-0.09826315956840048,1.5358359287371812,g,i,g-i,Sinistro,45.44859060402814,1.0074944771812022,0.020847631812080197
58856.31,0.09759999999999991,0.029134103683827305,g,i,g-i,Siding Spring 1m,46.48859060402174,1.0078064771811999,0.020868431812080056
58856.37,-1.251100000000001,0.413320525632299,g,i,g-i,Siding Spring 1m,47.55859060402145,1.0081274771811997,0.020889831812080033
58857.3,-0.051300000000001234,0.01876666926894594,g,i,g-i,Siding Spring 1m,49.55859060402145,1.0087274771811992,0.020929831812080007
58857.32,-0.017599999999999838,0.07332417493200998,g,i,g-i,Siding Spring 1m,54.428590604024066,1.0101884771811986,0.021027231812079987
58857.35,0.08650000000000091,0.09125984677595071,g,i,g-i,Siding Spring 1m,58.428590604024066,1.0113884771811976,0.02110723181207993
58858.3,-0.11059999999999981,0.020521634704136024,g,i,g-i,Siding Spring 1m,64.78859060402465,1.0132964771811963,0.021234431812079853
58860.05,0.5650000000000013,0.061131006862311696,g,i,g-i,Siding Spring 1m,70.92859060402407,1.0151384771811947,0.02135723181207975
58861.05,-0.16600000000000037,0.022022715545545243,g,i,g-i,Siding Spring 1m,78.74859060402378,1.0174844771811926,0.021513631812079635
58867.3,0.21700000000000053,0.017492855684535902,g,i,g-i,Siding Spring 1m,87.72859060402698,1.0201784771811913,0.02169323181207957
58613.89,0.23340895034629838,1.5358359287371812,g,i,g-i,Sinistro,94.62859060402116,1.0222484771811877,0.021831231812079355
58870.27,0.38980000000000103,0.014664318958737906,g,i,g-i,Siding Spring 1m,101.6385906040232,1.0243514771811866,0.021971431812079296
58871.27,0.5807000000000002,0.013558921931200871,g,i,g-i,Siding Spring 1m,109.39859060402523,1.0266794771811854,0.022126631812079228
58871.32,0.7284000000000006,0.02417655194356714,g,i,g-i,Siding Spring 1m,116.04859060402669,1.0286744771811842,0.022259631812079163
58872.35,0.690852834735816,0.00565685424949238,g,i,g-i,Swope,123.60859060402436,1.0309424771811815,0.022410831812079007
58872.33,0.7092000000000009,0.02004618808177754,g,i,g-i,Thacher,131.78859060402465,1.0333964771811797,0.022574431812078896
58873.09,0.6669999999999998,0.01655294535724685,g,i,g-i,Siding Spring 1m,138.03859060402465,1.035271477181178,0.022699431812078806
58874.28,0.06300000000000239,0.0741484996476665,g,i,g-i,Siding Spring 1m,142.99859060402378,1.0367594771811766,0.02279863181207872
58876.36,0.9155631371853055,0.009219544457292887,g,i,g-i,Swope,150.08859060402756,1.0388864771811759,0.022940431812078693
58876.29,1.004199999999999,0.04280300467256942,g,i,g-i,Thacher,161.6385906040232,1.0423514771811717,0.023171431812078442
58877.03,0.9700000000000006,0.035938306731536473,g,i,g-i,Siding Spring 1m,167.62859060402116,1.0441484771811695,0.023291231812078317
59208.07,0.47867100246340044,1.5358359287371812,g,i,g-i,Sinistro,174.0085906040258,1.0460624771811695,0.02341883181207832
59214.05,-0.3861736030806995,1.5358359287371812,g,i,g-i,Sinistro,-8.40140939597768,-0.39960925649382495,0.03910839690297686
59220.37,0.41114423196710703,1.5358359287371812,g,i,g-i,Sinistro,-8.341409395972732,-0.3959794379844511,0.03906099927285445
59226.11,0.5390720862426015,1.5358359287371812,g,i,g-i,Sinistro,-7.411409395972441,-0.33971725109377804,0.038326336006017606
59236.06,0.8990665181121997,1.5358359287371812,g,i,g-i,Sinistro,-7.391409395975643,-0.3385073115909469,0.03831053679598064
59245.42,0.16920572879180185,1.5358359287371812,g,i,g-i,Sinistro,-7.361409395976807,-0.33669240233648007,0.03828683798092231
59252.06,0.552473041187298,1.5358359287371812,g,i,g-i,Sinistro,-6.411409395972441,-0.2792202759425356,0.03753637550404275
59257.33,0.19759104536790062,1.5358359287371812,g,i,g-i,Sinistro,-4.661409395972441,-0.1733505694278613,0.03615394462558674
59267.12,0.5083157616414979,1.5358359287371812,g,i,g-i,Sinistro,-3.6614093959724414,-0.1128535942766189,0.035363984123611886
58903.29,0.4758000000000031,0.041732676270879156,g,i,g-i,Thacher,2.5885906040275586,0.2651540428188342,0.027910977100669844
58856.41,-0.36219999999999963,0.06402941048065333,g,i,g-i,Siding Spring 1m,-250.82140939597593,-15.065285972657914,0.23061062179172076
58858.31,-0.26470000000000127,0.0787592077845505,g,i,g-i,Siding Spring 1m,5.558590604021447,0.44062662120772106,0.029796107221469168
58858.34,-0.6327999999999996,0.2636096435686866,g,i,g-i,Siding Spring 1m,6.558590604021447,0.5052277638922519,0.029900570053697055
58859.05,-0.12199999999999989,0.01637431052784819,g,i,g-i,Siding Spring 1m,6.608590604024357,0.508642157315266,0.029836992308728095
58859.3,0.11650000000000027,0.017888085354503425,g,i,g-i,Siding Spring 1m,7.638590604023193,0.5839740633554183,0.02836980093959768
58859.69,-0.28630000000000067,0.029523974958159005,g,i,g-i,Siding Spring 1m,7.618590604026394,0.5824060633556694,0.02837180093959736
58861.29,-0.14400000000000013,0.021931712199461308,g,i,g-i,Siding Spring 1m,8.378590604021156,0.6456071637578829,0.03164921561067504
58861.35,-0.17159999999999975,0.013832591619884541,g,i,g-i,Siding Spring 1m,9.568590604023484,0.7472481009393472,0.02800167346310637
58862.53,-0.20170000000000066,0.030601191841495328,g,i,g-i,Thacher,11.64859060402523,0.8697015771811353,0.021975827651008716
58864.34,-0.0818000000000012,0.02322231827746748,g,i,g-i,Thacher,11.578590604025521,0.8665515771811484,0.022062627651008353
58867.35,0.14000000000000057,0.021513941950511997,g,i,g-i,Thacher,12.318590604023484,0.8970491704696736,0.02130517979866051
58867.4,0.07749999999999879,0.014110992351670381,g,i,g-i,Siding Spring 1m,343.35859060402436,1.0968674771811269,0.02680583181207587
58869.27,0.25200000000000067,0.022825424421026655,g,i,g-i,Siding Spring 1m,349.33859060402756,1.0986614771811263,0.02692543181207585
58869.36,0.33589999999999876,0.011993680108711421,g,i,g-i,Siding Spring 1m,355.65859060402727,1.1005574771811246,0.027051831812075756
58871.35,0.7251264288423389,0.0058309518948453,g,i,g-i,Swope,361.39859060402523,1.1022794771811226,0.027166631812075633
58872.29,0.3780000000000001,0.05021951811795888,g,i,g-i,Siding Spring 1m,371.3485906040223,1.1052644771811193,0.027365631812075433
58873.4,0.8308999999999997,0.0204542285916629,g,i,g-i,Thacher,380.7085906040229,1.1080724771811172,0.02755283181207531
58874.29,0.8358000000000008,0.02301989437443187,g,i,g-i,Thacher,387.3485906040223,1.1100644771811154,0.027685631812075204
58875.38,0.9577108470188147,0.009433981132056603,g,i,g-i,Swope,392.6185906040264,1.1116454771811153,0.02779103181207521
58876.03,0.6981000000000002,0.015209554419669894,g,i,g-i,Siding Spring 1m,402.40859060402727,1.114582477181113,0.027986831812075088
58878.34,0.9619999999999997,0.06537583651472462,g,i,g-i,Siding Spring 1m,38.57859060402552,1.005433477181203,0.020710231812080242
58880.12,2.163100000000002,0.6659359222275143,g,V,g-V,Siding Spring 1m,-8.30140939597186,-0.3935595589783486,0.03902940085277477
58625.75,0.32908295242109986,1.5358359287371812,g,V,g-V,Sinistro,-6.40140939597768,-0.2786153061913401,0.037528475899027136
58882.09,0.2027000000000001,0.02560243879711462,g,V,g-V,Siding Spring 1m,-6.371409395978844,-0.27680039693687325,0.037504777083968814
58883.38,0.40006091341277994,0.009219544457292887,g,V,g-V,Swope,-5.661409395972441,-0.23384754457910378,0.036943905127561606
58884.37,0.46089177341340104,0.012041594578792296,g,V,g-V,Swope,-5.411409395972441,-0.21872330079129315,0.03674641500206789
58883.01,0.11019999999999897,0.09374378859748524,g,V,g-V,Siding Spring 1m,-5.0214093959730235,-0.19512948048234385,0.03643833040629815
58883.12,1.8446999999999978,0.37101806811146004,g,V,g-V,Siding Spring 1m,-3.4214093959744787,-0.09833432024044395,0.03517439360313953
58883.99,0.33280000000000065,0.05066593051844601,g,V,g-V,Siding Spring 1m,-3.361409395976807,-0.09470450173151027,0.03512699597302288
58630.42,0.7190071816187071,1.5358359287371812,g,V,g-V,Sinistro,-2.181409395976516,-0.02331807105302658,0.03419484258069232
58635.84,0.7763980224795013,1.5358359287371812,g,V,g-V,Sinistro,-0.37140939597884426,0.08618145397058138,0.03276501407211966
58640.82,0.6835367790371976,1.5358359287371812,g,V,g-V,Sinistro,2.638590604023193,0.26811904281857535,0.027819977100677788
58647.07,0.4349699130130986,1.5358359287371812,g,V,g-V,Sinistro,2.6885906040261034,0.2710774456375401,0.027731835879195883
58856.73,-0.1828000000000003,0.03169271570377016,g,V,g-V,Siding Spring 1m,4.558590604021447,0.38053904751646106,0.0280045830872386
58857.71,0.7874999999999996,0.04728259160621381,g,V,g-V,Siding Spring 1m,4.64859060402523,0.38583924657708607,0.028173962241607682
58856.33,-0.22799999999999976,0.07515885306269647,g,V,g-V,Siding Spring 1m,6.638590604023193,0.5106941573151864,0.02979769230872962
58857.36,0.19699999999999918,0.09472632965722888,g,V,g-V,Siding Spring 1m,7.578590604025521,0.5792700633556008,0.028375800939597448
58860.07,-0.32129999999999903,0.05352664088517044,g,V,g-V,Siding Spring 1m,8.688590604026103,0.6736865383891936,0.03524145508725584
58861.35,0.12989999999999924,0.015439358122668185,g,V,g-V,Siding Spring 1m,9.578590604025521,0.7479921009394989,0.02794477346309478
58862.36,0.10449999999999982,0.01796991327330213,g,V,g-V,Siding Spring 1m,10.668590604022029,0.8198903463084513,0.023673262080548232
58867.4,0.29720000000000013,0.014952461171325608,g,V,g-V,Siding Spring 1m,11.318590604023484,0.8543124624159436,0.022422098187924542
58869.35,0.454544058279053,0.005,g,V,g-V,Swope,13.628590604021156,0.9377767194629416,0.020503516040270904
58614.85,0.5012388955802116,1.5358359287371812,g,V,g-V,Sinistro,15.408590604027268,0.8923628161073853,0.01183009778523482
58869.36,0.3682999999999996,0.013500280127375135,g,V,g-V,Siding Spring 1m,16.568590604023484,0.8983555671140822,0.011689920469798826
58873.09,0.5241000000000007,0.01870073590236491,g,V,g-V,Siding Spring 1m,17.608590604024357,0.9009282268456341,0.01168524771812073
58875.38,0.5701123976442002,0.01,g,V,g-V,Swope,18.298590604026685,0.9014763181208054,0.0117208954362416
58876.03,0.4451999999999998,0.023241338368734276,g,V,g-V,Siding Spring 1m,19.658590604027268,0.9004034550335563,0.011820411342281909
58877.03,0.7042000000000002,0.03428740102034565,g,V,g-V,Siding Spring 1m,17.378590604021156,0.9005597040268359,0.011679231812080424
58878.06,0.7380207364483979,1.5358359287371812,g,V,g-V,Sinistro,21.568590604023484,0.8966268187919533,0.011937095436241395
58879.08,1.2057154731691995,1.5358359287371812,g,V,g-V,Sinistro,18.408590604027268,0.90149,0.011727911342281908
58880.12,0.20610000000000106,0.10255727424224963,B,r,B-r,Siding Spring 1m,19.288590604024648,0.900941932214768,0.011793511342281725
58880.44,0.4263919394116975,1.5358359287371812,B,r,B-r,Direct/2Kx2K,22.66859060402203,0.8944268187919563,0.012003095436241298
58882.09,0.8661000000000012,0.0440955951369295,B,r,B-r,Siding Spring 1m,25.568590604023484,0.8886268187919539,0.012177095436241363
58883.12,0.7502000000000013,0.06603741676413456,B,r,B-r,Siding Spring 1m,27.248590604023775,0.8852668187919537,0.012277895436241366
58857.35,0.052199999999999136,0.04467376333128875,B,r,B-r,Siding Spring 1m,28.57859060402552,0.8826068187919504,0.012357695436241461
58603.24,-1.1018567543333013,1.5358359287371812,B,r,B-r,Direct/2Kx2K,29.59859060402232,0.880566818791957,0.012418895436241261
58862.36,0.2815999999999974,0.017015858452502478,B,r,B-r,Siding Spring 1m,31.57859060402552,0.8766068187919509,0.012537695436241437
58895.43,2.815712130766901,1.098670291761819,B,r,B-r,Direct/2Kx2K,28.538590604024648,0.8826868187919521,0.012355295436241408
58645.24,-0.18866998885530606,1.1447445129809533,B,r,B-r,Direct/2Kx2K,33.52859060402261,0.8727068187919571,0.012654695436241245
58869.35,1.1816752746528554,0.007071067811865475,B,r,B-r,Swope,35.628590604021156,0.8685068187919603,0.012780695436241142
58869.36,1.0988000000000007,0.020614283286859623,B,r,B-r,Siding Spring 1m,33.66859060402203,0.8724268187919583,0.012663095436241209
58873.09,1.3634000000000004,0.0301248664742269,B,r,B-r,Siding Spring 1m,34.51859060402785,0.8707268187919468,0.012714095436241551
58876.03,1.2489000000000008,0.020852656614685813,B,r,B-r,Siding Spring 1m,38.55859060402145,0.8626468187919604,0.012956495436241135
58880.12,0.1573000000000011,0.11365611189905274,V,r,V-r,Siding Spring 1m,39.60859060402436,0.8605468187919547,0.0130194954362413
58880.44,-0.23964795037440112,1.5358359287371812,V,r,V-r,Direct/2Kx2K,37.52859060402261,0.8647068187919578,0.012894695436241214
58882.09,0.049599999999999866,0.02573602039943239,V,r,V-r,Siding Spring 1m,38.57859060402552,0.8626068187919522,0.01295769543624138
58883.01,0.7679000000000009,0.09417356849827876,V,r,V-r,Siding Spring 1m,42.64859060402523,0.8544668187919535,0.01320189543624133
58884.37,0.38149676338750105,0.01063014581273465,V,r,V-r,Swope,40.85859060402436,0.8580468187919549,0.01309449543624129
58883.12,0.03920000000000101,0.06422313815129248,V,r,V-r,Siding Spring 1m,41.38859060402319,0.8569868187919574,0.013126295436241216
58638.22,1.5107888549939972,1.0866981041669301,V,r,V-r,Direct/2Kx2K,46.48859060402174,0.8467868187919612,0.013432295436241089
58895.43,2.7584013776643985,1.098670291761819,V,r,V-r,Direct/2Kx2K,54.428590604024066,0.8309068187919579,0.013908695436241163
58645.24,0.3438173581053938,1.1447445129809533,V,r,V-r,Direct/2Kx2K,58.428590604024066,0.8229068187919586,0.014148695436241131
58904.35,-0.5861681489931989,1.5358359287371812,V,r,V-r,Direct/2Kx2K,64.78859060402465,0.8101868187919585,0.014530295436241115
58652.24,0.5205743508921046,1.1447445129809533,V,r,V-r,Direct/2Kx2K,70.92859060402407,0.7979068187919608,0.01489869543624103
58655.24,-0.4391723520812043,0.5119453095790604,V,r,V-r,Direct/2Kx2K,78.74859060402378,0.7822668187919628,0.015367895436240949
58676.0,0.23177816255869743,1.5358359287371812,V,r,V-r,Sinistro,87.72859060402698,0.7643068187919579,0.01590669543624107
58688.19,0.31873763704799885,1.1447445129809533,V,r,V-r,Direct/2Kx2K,94.62859060402116,0.7505068187919709,0.016320695436240665
58696.2,0.6213494838028986,1.1447445129809533,V,r,V-r,Direct/2Kx2K,101.6385906040232,0.736486818791968,0.016741295436240727
58856.33,-0.19229999999999947,0.09490894492564965,V,r,V-r,Siding Spring 1m,109.39859060402523,0.7209668187919653,0.017206895436240786
58603.24,-3.1554291446342013,1.099559682054594,V,r,V-r,Direct/2Kx2K,116.04859060402669,0.7076668187919636,0.01760589543624082
58603.23,-0.7383902083902925,1.5358359287371812,V,r,V-r,Direct/2Kx2K,123.60859060402436,0.6925468187919697,0.018059495436240622
58861.35,-0.1600999999999999,0.015262162579398768,V,r,V-r,Siding Spring 1m,131.78859060402465,0.6761868187919705,0.018550295436240573
58862.36,-0.12250000000000227,0.01738500307177425,V,r,V-r,Siding Spring 1m,138.03859060402465,0.6636868187919716,0.01892529543624052
58867.4,-0.21090000000000053,0.015921514865112556,V,r,V-r,Siding Spring 1m,142.99859060402378,0.6537668187919743,0.01922289543624043
58869.35,0.12012010985210608,0.0058309518948453,V,r,V-r,Swope,150.08859060402756,0.6395868187919679,0.0196482954362406
58869.36,0.09060000000000024,0.013806367490071384,V,r,V-r,Siding Spring 1m,167.62859060402116,0.6045068187919838,0.020700695436240073
58873.09,0.24289999999999878,0.013180194357064695,V,r,V-r,Siding Spring 1m,174.0085906040258,0.5917468187919757,0.0210834954362403
58876.03,0.2657000000000007,0.022849950995571085,V,r,V-r,Siding Spring 1m,-8.40140939597768,-0.136889377299783,0.03697220976334668
58877.03,0.3050999999999995,0.018059110723676292,V,r,V-r,Siding Spring 1m,-8.381409395973606,-0.13603741989747958,0.03693161179323691
58880.29,0.05259999999999998,0.02317556007953206,r,i,r-i,Thacher,-5.411409395972441,-0.009521745681141197,0.0309028132331625
58881.28,0.036099999999999355,0.02065659983564575,r,i,r-i,Thacher,-4.661409395972441,0.02242665689872969,0.029380389354356426
58882.32,0.036681402789005446,0.01063014581273465,r,i,r-i,Swope,-3.4214093959744787,0.07524801583069615,0.026863315208067853
58883.37,0.006665870969932541,0.010295630140987002,r,i,r-i,Swope,-3.6614093959724414,0.06502452700522424,0.027350490849281664
58882.0,-0.22499999999999964,0.09677293009927931,r,i,r-i,Siding Spring 1m,0.0385906040246482,0.22263664639913008,0.01983986638051094
58885.35,-0.013965451895590064,0.012529964086141668,r,i,r-i,Swope,-0.37140939597884426,0.20517151965531855,0.020672124767598683
58886.28,0.02829999999999977,0.03320193361673383,r,i,r-i,Thacher,1.5885906040275586,0.29420733114097514,0.016838669114093267
58880.12,0.507299999999999,0.10262635711765276,r,i,r-i,Siding Spring 1m,2.638590604023193,0.34858589543604546,0.01710278684563247
58882.09,0.10790000000000077,0.024320704181622705,r,i,r-i,Siding Spring 1m,2.6885906040261034,0.3512796916778122,0.017176745154361243
58880.44,0.8234391787497017,1.5358359287371812,r,i,r-i,Direct/2Kx2K,2.5885906040275586,0.3459008954362799,0.01703278684563858
58890.28,0.07210000000000072,0.07401416812975743,r,i,r-i,Thacher,3.558590604021447,0.3996134644292224,0.018797182617439675
58891.96,0.022999999999999687,0.03981205847478877,r,i,r-i,Siding Spring 1m,-250.82140939597593,-10.463465048516117,0.5290602053635676
58892.27,0.05250000000000199,0.03652725507412239,r,i,r-i,Thacher,4.558590604021447,0.4587414268453083,0.019677842161075067
58893.29,0.097979029626579,0.0116619037896906,r,i,r-i,Swope,4.638590604023193,0.4636502230870241,0.01963856488590794
58894.31,-0.006952885215170568,0.0116619037896906,r,i,r-i,Swope,4.858590604024357,0.4772910146307174,0.01944748995973418
58893.25,0.07910000000000039,0.02483064081492864,r,i,r-i,Thacher,5.558590604021447,0.5222429817446111,0.018290375691284187
58894.26,0.06340000000000146,0.025657190295314877,r,i,r-i,Thacher,6.558590604021447,0.5911457263083377,0.020898636281831088
58898.24,0.2403999999999975,0.028806977897030434,r,i,r-i,Thacher,6.608590604024357,0.594764318791766,0.021422238805342327
58902.26,-0.015799999999998704,0.05256439738844154,r,i,r-i,Thacher,7.578590604025521,0.6633933939596461,0.019694977221484576
58903.27,0.085470316354467,0.029206163733020468,r,i,r-i,Swope,7.618590604026394,0.6659733939597025,0.019451377221479257
58904.32,-0.0180334579012964,0.021470910553583886,r,i,r-i,Swope,8.688590604026103,0.7278337198657339,0.015330798885907534
58906.1,0.09200000000000053,0.054230987451824995,r,i,r-i,Siding Spring 1m,9.568590604023484,0.7688826100669747,0.014192626483223796
58907.36,0.04697508206809076,0.014422205101855958,r,i,r-i,Swope,11.318590604023484,0.8287281053690363,0.013412879664430841
58908.3,-0.04198600947087883,0.019697715603592212,r,i,r-i,Swope,-212.50140939597622,-8.831114666035258,0.4512744946491032
58911.2,-0.005910774796120677,0.021540659228538015,r,i,r-i,Swope,11.578590604025521,0.8355397651006381,0.013307131946309282
58904.35,-0.1768454756400999,1.5358359287371812,r,i,r-i,Direct/2Kx2K,12.548590604026685,0.8569928577181176,0.012875468322147723
58919.14,0.12398994469200275,1.5358359287371812,r,i,r-i,Sinistro,-207.68140939597652,-8.625792932121968,0.4414903838546434
58923.14,0.07234133732229608,1.5358359287371812,r,i,r-i,Sinistro,-197.7414093959742,-8.202370103263313,0.42131319271419554
58929.5,0.3785599781218991,1.5358359287371812,r,i,r-i,Sinistro,343.35859060402436,0.25304681879200874,0.03124449543623884
58935.64,0.08992602825370355,1.5358359287371812,r,i,r-i,Sinistro,349.33859060402756,0.24108681879200333,0.031603295436238986
58943.46,0.5076102667720015,1.5358359287371812,r,i,r-i,Sinistro,355.65859060402727,0.22844681879200512,0.03198249543623891
58952.44,0.13638347809510165,1.5358359287371812,r,i,r-i,Sinistro,361.39859060402523,0.21696681879201019,0.03232689543623875
58954.18,0.8490025142018034,1.5358359287371812,r,i,r-i,Direct/2Kx2K,371.3485906040223,0.19706681879201782,0.03292389543623849
58959.34,0.10574832184119742,1.5358359287371812,r,i,r-i,Sinistro,380.7085906040229,0.1783468187920183,0.03348549543623845
58963.21,0.9220616764424925,1.5358359287371812,r,i,r-i,Direct/2Kx2K,387.3485906040223,0.16506681879202056,0.03388389543623836
58966.35,0.1860766996578036,1.5358359287371812,r,i,r-i,Sinistro,392.6185906040264,0.15452681879201335,0.03420009543623856
58974.11,0.296648474010901,1.5358359287371812,r,i,r-i,Sinistro,402.40859060402727,0.13494681879201342,0.03478749543623853
58980.76,0.3235327938755006,1.5358359287371812,r,i,r-i,Sinistro,-8.341409395972732,-0.1343335050931826,0.03685041585303215
58988.32,0.3008318993900012,1.5358359287371812,r,i,r-i,Sinistro,-8.30140939597186,-0.1326295902888856,0.03676921991282739
58996.5,0.01849050570830002,1.5358359287371812,r,i,r-i,Sinistro,-7.411409395972441,-0.09471748589413032,0.03496261024331203
59002.75,0.17293364065230676,1.5358359287371812,r,i,r-i,Sinistro,-7.391409395975643,-0.09386552849213681,0.034922012273217035
59007.71,0.1761670907715036,1.5358359287371812,r,i,r-i,Sinistro,-7.361409395976807,-0.09258759238899156,0.034861115318067154
59014.8,0.3329843209059007,1.5358359287371812,r,i,r-i,Sinistro,-6.991409395974188,-0.07682638044947698,0.034110052871184175
59032.34,0.1668017199817058,1.5358359287371812,r,i,r-i,Sinistro,-6.411409395972441,-0.05211961578763574,0.032932711738237266
59038.72,-0.15360233228309994,1.5358359287371812,r,i,r-i,Sinistro,-6.40140939597768,-0.051693637086793975,0.03291241275319715
58856.31,-0.10079999999999956,0.029055325746926326,r,i,r-i,Siding Spring 1m,-6.371409395978844,-0.050415700983648726,0.03285151579804727
58856.37,-1.6170000000000009,0.4121112748809476,r,i,r-i,Siding Spring 1m,-5.661409395972441,-0.020171213207764854,0.03141028785943119
58856.7,0.2566000000000006,0.060436634566295964,r,i,r-i,Siding Spring 1m,-5.0214093959730235,0.007091423660366858,0.030111152816184525
58856.74,0.7055999999999987,0.19067220984844646,r,i,r-i,Siding Spring 1m,-3.0314093959750608,0.09186118517220423,0.026071654791089877
58857.3,-0.13840000000000074,0.02786287167845411,r,i,r-i,Siding Spring 1m,-3.361409395976807,0.07780388803698665,0.026741521297768096
58857.32,-0.17459999999999987,0.0479379042638495,r,i,r-i,Siding Spring 1m,4.64859060402523,0.46426422308714915,0.019633364885906883
58857.35,-0.1999999999999993,0.07420940901833137,r,i,r-i,Siding Spring 1m,-2.3514093959747697,0.12082773684463292,0.024691323807638447
58858.3,-0.1882999999999999,0.026582184295877567,r,i,r-i,Siding Spring 1m,6.638590604023193,0.5969393187916815,0.02174533880532979
58860.05,-0.10999999999999766,0.025612496949731396,r,i,r-i,Siding Spring 1m,7.638590604023193,0.6672633939594959,0.019329577221498754
58861.05,-0.09100000000000108,0.020808652046684813,r,i,r-i,Siding Spring 1m,8.378590604021156,0.7113434879191529,0.016105066590620127
58864.31,-0.03900000000000148,0.05300943312279428,r,i,r-i,Siding Spring 1m,9.578590604025521,0.7692976100670592,0.01418572648322239
58866.31,-0.9466999999999981,0.08280799638899615,r,i,r-i,Siding Spring 1m,1.6085906040243572,0.2952053311408154,0.016819269114096373
58603.26,3.6039239355315082,1.5358359287371812,r,i,r-i,Direct/2Kx2K,11.64859060402523,0.8372897651006308,0.013277731946309402
58603.23,1.0872513296805941,1.5358359287371812,r,i,r-i,Direct/2Kx2K,12.318590604023484,0.8524276073824815,0.012981268322149199
58867.3,-0.16000000000000014,0.01140175425099138,r,i,r-i,Siding Spring 1m,13.628590604021156,0.8745676322146876,0.012391131946311116
58612.25,1.0103000769496013,1.5358359287371812,r,i,r-i,Direct/2Kx2K,14.786644295301812,0.08494214751677757,0.013618357986577165
58613.89,0.17216064931560027,1.5358359287371812,r,i,r-i,Sinistro,15.776644295299775,0.08907899033556217,0.013677819328858991
58614.86,0.32757970722640195,1.5358359287371812,r,i,r-i,Sinistro,16.816644295300648,0.09247982979865384,0.013666967785234966
58870.27,-0.1819999999999986,0.013660005335943321,r,i,r-i,Siding Spring 1m,17.86664429530356,0.095156949664433,0.013572922684563572
58625.76,0.04918503190650014,1.5358359287371812,r,i,r-i,Sinistro,16.49664429530094,0.09152241664429195,0.013678580671140972
58871.27,0.0237999999999996,0.01515071121058018,r,i,r-i,Siding Spring 1m,19.846644295299484,0.09874612778523126,0.013203645369128124
58871.32,-0.07049999999999912,0.013534489213446512,r,i,r-i,Siding Spring 1m,20.776644295299775,0.1000853277852317,0.01298044536912806
58871.34,-0.09009999999999962,0.016430802844048735,r,i,r-i,Thacher,14.616644295303558,0.08412612483222226,0.013603057986577322
58630.43,0.3402807422574021,1.5358359287371812,r,i,r-i,Sinistro,16.586644295297447,0.09179846510065721,0.013675880671141076
58872.29,-0.012000000000000455,0.022825424421026655,r,i,r-i,Siding Spring 1m,14.936644295303267,0.0856348993288647,0.01363065154362426
58872.35,-0.1315003035822695,0.004472135954999579,r,i,r-i,Swope,24.776644295299775,0.10584532778523184,0.012020445369128085
58872.33,-0.04039999999999999,0.01996462612848034,r,i,r-i,Thacher,26.456644295300066,0.10826452778523231,0.011617245369128025
58635.24,-0.6340528506593017,1.1447445129809533,r,i,r-i,Direct/2Kx2K,26.766644295297738,0.10871092778522896,0.011542845369128587
58873.4,-0.05969999999999942,0.01621274131663119,r,i,r-i,Thacher,27.786644295301812,0.11017972778523487,0.011298045369127615
58873.1,0.0008999999999996788,0.02463949222568517,r,i,r-i,Siding Spring 1m,28.80664429529861,0.11164852778523028,0.01105324536912839
58638.22,-1.8933200501674996,0.3640889583604534,r,i,r-i,Direct/2Kx2K,27.74664429530094,0.1101221277852336,0.011307645369127824
58640.83,-0.024531887942504937,1.5358359287371812,r,i,r-i,Sinistro,28.756644295302976,0.11157652778523658,0.011065245369127341
58873.09,-0.09999999999999964,0.009899494936611665,r,i,r-i,Siding Spring 1m,32.7366442952989,0.11730772778523083,0.010110045369128344
58874.29,0.0063000000000013046,0.02254447167821859,r,i,r-i,Thacher,36.756644295302976,0.12309652778523683,0.009145245369127392
58874.28,-0.4419999999999966,0.07343704787094862,r,i,r-i,Siding Spring 1m,37.76664429529774,0.12455092778522932,0.008902845369128654
58645.24,0.2859489964024071,1.5358359287371812,r,i,r-i,Direct/2Kx2K,38.81664429530065,0.12606292778523354,0.008650845369127963
58875.26,-0.05999999999999872,0.012806248474865698,r,i,r-i,Siding Spring 1m,40.596644295299484,0.12862612778523191,0.008223645369128254
58876.34,0.12829999999999941,0.024368826542121393,r,i,r-i,Siding Spring 1m,41.85664429530152,0.1304405277852349,0.007921245369127774
58876.03,-0.012800000000000367,0.01460448550873669,r,i,r-i,Siding Spring 1m,42.79664429530385,0.13179412778523827,0.00769564536912722
58652.24,-0.7148140605772042,1.1447445129809533,r,i,r-i,Direct/2Kx2K,45.69664429529803,0.13597012778523,0.006999645369128635
58876.29,0.15039999999999942,0.03423828509271456,r,i,r-i,Thacher,38.846644295299484,0.12610612778523186,0.008643645369128244
58661.4,0.1945878413304989,1.5358359287371812,r,i,r-i,Sinistro,53.63664429530036,0.14740372778523358,0.0050940453691281275
58883.12,0.23569999999999958,0.06412714553985699,r,i,r-i,Siding Spring 1m,57.63664429530036,0.1531637277852337,0.004134045369128153
59202.1,0.3386459275486011,1.5358359287371812,r,i,r-i,Sinistro,63.99664429530094,0.16232212778523475,0.0026076453691280515
58884.0,-0.1869999999999994,0.04520035641579499,r,i,r-i,Siding Spring 1m,70.13664429530036,0.17116372778523412,0.00113404536912823
59208.07,0.6348051076700969,1.5358359287371812,r,i,r-i,Sinistro,77.95664429530007,0.18242452778523394,-0.0007427546308716518
58696.2,-0.21547170333730392,0.5119453095790604,r,i,r-i,Direct/2Kx2K,86.93664429530327,0.19535572778523885,-0.0028979546308723625
59214.05,0.08835022851380003,1.5358359287371812,r,i,r-i,Sinistro,88.67664429530123,0.19786132778523596,-0.0033155546308718635
59220.37,0.20574789373729985,1.5358359287371812,r,i,r-i,Sinistro,93.83664429529745,0.2052917277852307,-0.004553954630870924
59226.11,0.8121555798700015,1.5358359287371812,r,i,r-i,Sinistro,97.70664429530007,0.21086452778523457,-0.005482754630871528
59227.72,0.23687069418839712,1.5358359287371812,r,i,r-i,Sinistro,100.84664429529948,0.21538612778523386,-0.0062363546308713685
59232.38,0.2444049825844985,1.5358359287371812,r,i,r-i,Sinistro,108.60664429530152,0.226560527785237,-0.00809875463087181
59236.06,0.8486849431201975,1.5358359287371812,r,i,r-i,Sinistro,115.25664429530298,0.23613652778523936,-0.009694754630872115
59245.42,0.10287659965070262,1.5358359287371812,r,i,r-i,Sinistro,122.81664429530065,0.2470229277852362,-0.011509154630871508
59252.06,0.5658324451366994,1.5358359287371812,r,i,r-i,Sinistro,130.99664429530094,0.2588021277852369,-0.013472354630871528
59257.33,0.14665869319670222,1.5358359287371812,r,i,r-i,Sinistro,137.24664429530094,0.2678021277852371,-0.01497235463087149
59262.23,0.2109297279551008,1.5358359287371812,r,i,r-i,Sinistro,142.20664429530007,0.274944527785236,-0.01616275463087125
59267.12,0.3980695683087987,1.5358359287371812,r,i,r-i,Sinistro,149.29664429530385,0.2851541277852417,-0.017864354630872114
58898.38,0.04499999999999815,0.03008321791298265,r,i,r-i,Siding Spring 1m,166.83664429529745,0.310411727785233,-0.022073954630870467
58902.24,0.11046092935239926,1.5358359287371812,r,i,r-i,Sinistro,173.2166442953021,0.3195989277852399,-0.023605154630871546
58903.29,0.23820000000000263,0.03867456643441527,r,i,r-i,Thacher,-9.19335570470139,-0.12339667600091472,0.04175755535192033
58856.41,-0.2972999999999999,0.050728287002519606,r,i,r-i,Siding Spring 1m,-9.133355704696442,-0.12317467156080762,0.04161955259185375
58858.31,-0.21000000000000085,0.08753651801391234,r,i,r-i,Siding Spring 1m,-8.803355704701971,-0.12195364714033968,0.040860537411562856
58858.34,-0.8682999999999996,0.26281648394499535,r,i,r-i,Siding Spring 1m,-8.763355704701098,-0.12180564418027726,0.040768535571524045
58859.05,-0.16159999999999997,0.014723908324300311,r,i,r-i,Siding Spring 1m,-8.20335570469615,-0.11973360273943016,0.03948050981099745
58859.3,0.0492000000000008,0.016822203780123456,r,i,r-i,Siding Spring 1m,-8.183355704699352,-0.11965960125941241,0.03943450889098642
58859.69,5.363299999999999,8.8168307467737,r,i,r-i,Siding Spring 1m,-8.153355704700516,-0.11954859903937232,0.03936550751096149
58860.08,-0.28720000000000034,0.027433941168559794,r,i,r-i,Siding Spring 1m,-7.2033557046961505,-0.11603352873795018,0.03718046381007742
58861.29,-0.15700000000000003,0.018867962264113206,r,i,r-i,Siding Spring 1m,-5.4533557046961505,-0.1095583992353602,0.03315538330846737
58861.35,-0.14139999999999908,0.013634530365307785,r,i,r-i,Siding Spring 1m,-4.4533557046961505,-0.10585832523388022,0.030855337307547345
58862.37,-0.15719999999999956,0.013157660901923258,r,i,r-i,Siding Spring 1m,-1.1933557047013892,-0.09379608398907487,0.0233571873445601
58864.34,-0.12410000000000032,0.0210178248410724,r,i,r-i,Thacher,0.8066442952986108,-0.08719044241141549,0.018977697127522224
58864.76,-0.1490000000000009,0.015556349186104044,r,i,r-i,Siding Spring 1m,-262.243355704697,-1.0597004020754084,0.6237841958847236
58869.36,-0.12300000000000111,0.012337203179951281,r,i,r-i,Siding Spring 1m,-262.27335570469586,-1.0598114042954485,0.6238531972647485
58871.35,-0.14814972703893936,0.0058309518948453,r,i,r-i,Swope,1.7966442953038495,-0.0861674089932873,0.018467230590604962
58865.46,-0.11209999999999987,0.0461606964796893,r,i,r-i,Thacher,-253.25335570469906,-1.0264367368021108,0.6031067823364572
58867.35,-0.15859999999999985,0.02038282271031174,r,i,r-i,Thacher,-251.61335570469964,-1.0203686154396858,0.5993347068949497
58867.4,-0.008800000000000807,0.015134022785396488,r,i,r-i,Siding Spring 1m,-250.64335570469848,-1.0167795436582459,0.5971036622740546
58869.27,-0.15390000000000015,0.03203006934507011,r,i,r-i,Siding Spring 1m,4.766644295297738,-0.07354796790608854,0.021434545946313555
58876.36,-0.042097732109670716,0.0078102496759066544,r,i,r-i,Swope,-239.74335570469702,-0.9764487370421088,0.572033160864023
58877.03,-0.039299999999999,0.021025401354789877,r,i,r-i,Siding Spring 1m,5.766644295297738,-0.058358095342364955,0.019724767328865304
58878.34,0.04800000000000004,0.022135943621178655,r,i,r-i,Siding Spring 1m,5.816644295300648,-0.05738581859063181,0.01965206283221628
58879.08,-0.38090000000000046,0.10055496236009438,r,i,r-i,Siding Spring 1m,5.836644295297447,-0.05697881859069696,0.019629862832219836
58880.12,0.048799999999999955,0.051696828452140076,B,V,B-V,Siding Spring 1m,-235.07335570469877,-0.9591693914552036,0.5612919460397304
58880.44,0.6660398897860986,1.5358359287371812,B,V,B-V,Direct/2Kx2K,6.786644295301812,-0.03342084263087843,0.021884830899327374
58882.33,1.0708179210728836,0.0078102496759066544,B,V,B-V,Swope,6.846644295299484,-0.03161300546316483,0.02237081291272947
58883.38,1.011435462070203,0.01,B,V,B-V,Swope,6.826644295302685,-0.03222640546306665,0.022195212912757577
58882.09,0.8165000000000013,0.04103196994052321,B,V,B-V,Siding Spring 1m,-230.2633557047011,-0.9413720355080936,0.5502287247753105
58885.37,1.0256559020981122,0.012727922061357857,B,V,B-V,Swope,7.896644295302394,-0.0009026336656276441,0.019452048147649493
58883.12,0.7110000000000003,0.02446271688100077,B,V,B-V,Siding Spring 1m,7.596644295299484,-0.008962670762487081,0.020710350013434353
58883.99,0.8890000000000011,0.07440095520656977,B,V,B-V,Siding Spring 1m,-227.2833557046979,-0.9303458149836714,0.5433745876925614
58630.42,0.6072140675612019,1.5358359287371812,B,V,B-V,Sinistro,-224.67335570469731,-0.9206886218398065,0.5373714676301588
58871.31,1.1267999999999994,0.02443774830298405,B,V,B-V,Siding Spring 1m,7.586644295297447,-0.009243250762544241,0.020755950013443644
58872.36,1.1324219661626778,0.004472135954999579,B,V,B-V,Swope,8.786644295301812,0.01982689642952599,0.01664388926174547
58893.3,0.9111800870921307,0.014212670403551895,B,V,B-V,Swope,8.776644295299775,0.01961729642948329,0.01666888926175056
58895.43,0.05731075310250233,1.5358359287371812,B,V,B-V,Direct/2Kx2K,-220.2633557047011,-0.9043712954932938,0.5272282647661102
58898.57,0.4819999999999993,0.28708883642524313,B,V,B-V,Swift,9.756644295302976,0.037821029557062756,0.014813451758387951
58645.24,-0.5324873469606999,0.5119453095790604,B,V,B-V,Direct/2Kx2K,10.836644295297447,0.0533762279194062,0.013807645637586402
58904.34,0.7751646493505575,0.017204650534085254,B,V,B-V,Swope,10.526644295299775,0.049330059328829,0.014011336107384162
58906.29,0.7803333060682576,0.01802775637731995,B,V,B-V,Swope,-213.2633557047011,-0.8784707774829339,0.5111279427596699
58908.32,0.770571285334249,0.01972308292331602,B,V,B-V,Swope,10.786644295301812,0.05274383409395718,0.013836906979865895
58909.37,0.7413740797206465,0.014212670403551895,B,V,B-V,Swope,-204.1033557046976,-0.8445780996293643,0.49005952139123443
58910.26,0.7073785912472594,0.0194164878389476,B,V,B-V,Swope,17.61664429530356,0.09457851409396335,0.013602922684563574
58911.21,0.7928266852683379,0.018867962264113206,B,V,B-V,Swope,336.5966442952995,0.5548661277852414,-0.0628163546308699
58912.28,0.6853187703203041,0.0194164878389476,B,V,B-V,Swope,18.49664429530094,0.09647686926174286,0.013479290469798838
58652.2,0.49414565722999626,1.5358359287371812,B,V,B-V,Sinistro,342.56664429530065,0.5634629277852433,-0.06424915463087014
58657.02,0.8729939352932092,1.5358359287371812,B,V,B-V,Sinistro,-169.30335570470197,-0.715815524377877,0.4100179205592274
58876.03,0.9832000000000001,0.027013974728092124,B,V,B-V,Siding Spring 1m,348.54664429530385,0.572074127785248,-0.06568435463087087
58661.38,0.5570076333525975,1.5358359287371812,B,V,B-V,Sinistro,354.86664429530356,0.5811749277852478,-0.06720115463087076
58921.26,0.4267000000000003,0.10108807162074067,B,V,B-V,Direct/4Kx4K,360.6066442953015,0.5894405277852451,-0.06857875463087024
58923.29,0.4942999999999991,0.027125422780115344,B,V,B-V,Direct/4Kx4K,362.2166442953021,0.591758927785246,-0.06896515463087037
58856.32,0.10850000000000115,0.027838798597820274,B,V,B-V,Siding Spring 1m,366.8766442952983,0.5984693277852406,-0.07008355463086943
58857.71,1.3163999999999998,0.04685017048261404,B,V,B-V,Siding Spring 1m,370.5566442952986,0.6037685277852413,-0.07096675463086947
58857.45,0.761000000000001,0.2887801932266131,B,V,B-V,Swift,379.9166442952992,0.6172469277852424,-0.07321315463086955
58603.24,2.0535723903009,1.099559682054594,B,V,B-V,Direct/2Kx2K,386.5566442952986,0.6268085277852418,-0.07480675463086937
58603.25,-0.02427349136659629,1.5358359287371812,B,V,B-V,Direct/2Kx2K,391.8266442953027,0.6343973277852477,-0.07607155463087033
58858.85,0.6010000000000009,0.20152667317256046,B,V,B-V,Swift,396.72664429530414,0.64145332778525,-0.07724755463087064
58862.36,0.4040999999999997,0.020350168020190892,B,V,B-V,Siding Spring 1m,401.61664429530356,0.6484949277852493,-0.07842115463087047
58860.38,0.6379999999999999,0.15769908052997647,B,V,B-V,Swift,32.87664429529832,0.11750932778522999,0.010076445369128485
58861.25,0.5449999999999999,0.1386001443000692,B,V,B-V,Swift,36.7366442952989,0.12306772778523095,0.00915004536912837
58861.34,0.410400000000001,0.01822270512108452,B,V,B-V,Siding Spring 1m,37.78664429530181,0.12457972778523518,0.008898045369127677
58613.88,0.22983378204960658,1.5358359287371812,B,V,B-V,Sinistro,-9.093355704695568,-0.1230266686007452,0.04152755075181494
58869.35,1.0615551648007493,0.0058309518948453,B,V,B-V,Swope,-7.193355704701389,-0.11599652799795476,0.03715746335008027
58871.36,1.1426245524574146,0.00670820393249937,B,V,B-V,Swope,-7.163355704702553,-0.11588552577791467,0.037088461970055345
58870.32,1.1186858776721742,0.008602325267042627,B,V,B-V,Swope,-6.4533557046961505,-0.11325847323684018,0.0354554293093874
58873.09,1.1205000000000016,0.031356420449088256,B,V,B-V,Siding Spring 1m,-6.2033557046961505,-0.11233345473647019,0.03488041780915739
58869.36,1.0082000000000004,0.021209293914225436,B,V,B-V,Siding Spring 1m,-5.813355704696733,-0.11089042587589515,0.03398339986879992
58875.38,1.2673260692263426,0.015231546211727818,B,V,B-V,Swope,-5.423355704697315,-0.10944739701532012,0.033086381928442446
58876.37,1.1532257667035282,0.006403124237432849,B,V,B-V,Swope,-4.213355704698188,-0.10497030747353256,0.03030332626733122
58877.02,0.9974999999999987,0.0199869340382661,B,V,B-V,Siding Spring 1m,-4.153355704700516,-0.10474830303345238,0.030165323507281377
58878.06,0.6299616191355994,1.5358359287371812,B,V,B-V,Sinistro,-3.1333557046964415,-0.10097422755192773,0.027819276586333576
58880.12,0.7134,0.016941649129881067,B,i,B-i,Siding Spring 1m,-1.1633557047025533,-0.09368508176903477,0.023288185964535177
58880.44,1.2498311181613992,1.5358359287371812,B,i,B-i,Direct/2Kx2K,-0.7433557046970236,-0.09213105068839272,0.022322166644136044
58882.09,0.974000000000002,0.04015938823102264,B,i,B-i,Siding Spring 1m,3.856644295301521,-0.08119224398658008,0.021529534536912323
58883.12,0.9859000000000009,0.02420958153892793,B,i,B-i,Siding Spring 1m,5.846644295299484,-0.0567753185906555,0.019618762832217574
58857.35,-0.14780000000000015,0.08352657695398513,B,i,B-i,Siding Spring 1m,-0.043355704699933995,-0.0895409988873675,0.02071213444349872
58603.25,0.2508034831811017,1.5358359287371812,B,i,B-i,Direct/2Kx2K,1.846644295299484,-0.08613210055033736,0.018499207892615627
58645.24,0.09727900754710106,1.1447445129809533,B,i,B-i,Direct/2Kx2K,1.8966442953023943,-0.0860966005503353,0.018535207892617724
58870.32,1.201183056814692,0.009219544457292887,B,i,B-i,Swope,3.7666442952977377,-0.08169645769129817,0.021441894953015603
58873.09,1.2634000000000007,0.0301248664742269,B,i,B-i,Siding Spring 1m,10.856644295301521,0.05362542791945697,0.013796645637584162
58869.36,0.9757999999999996,0.02028361277910077,B,i,B-i,Siding Spring 1m,11.526644295299775,0.06133744577178866,0.013533445369128054
58875.38,1.6549245186009571,0.014866068747318507,B,i,B-i,Swope,12.836644295297447,0.07315227731540168,0.013435032214764872
58876.03,1.2361000000000004,0.02051647062934802,B,i,B-i,Siding Spring 1m,13.576644295302685,0.07830669771812508,0.013494064429530269
